Pagina;Area;Texto;Detalhes Técnicos;Detalhes Gerais;Resultados;Lições
1;1;Portal de Correções#6490;"O entregável final consiste na implementação do Portal de Correções, uma solução integrada no ecossistema Microsoft que centraliza e padroniza a gestão de pedidos de correção das cinco distribuidoras da Neoenergia, composto por:
Aplicativo Power Apps para registro e acompanhamento das solicitações de correção, incluindo aprovações, reprovações, justificativas e anexos de evidências.
Fluxos automatizados no Power Automate, garantindo notificações, aprovações via e-mail e integração entre os componentes da solução.
Bases estruturadas em listas SharePoint, assegurando armazenamento seguro, rastreabilidade e governança dos dados.
Painéis e relatórios dinâmicos, permitindo consultas avançadas, histórico completo e suporte às auditorias internas e externas.
A solução proporcionará:
Redução significativa de H/H nas cinco distribuidoras, eliminando processos manuais e retrabalho.
Transparência, confiabilidade e rastreabilidade das informações, incluindo notas e motivos das correções, essenciais para fiscalizações.
Mitigação da perda de informações, substituindo um processo antes realizado por milhares de e-mails mensais.
Economia financeira expressiva, evitando pagamentos indevidos por transgressões e possíveis multas regulatórias que podem somar milhões de reais por ano.";"O entregável final consiste na implementação do Portal de Correções, uma solução integrada no ecossistema Microsoft que centraliza e padroniza a gestão de pedidos de correção das cinco distribuidoras da Neoenergia, composto por:
Aplicativo Power Apps para registro e acompanhamento das solicitações de correção, incluindo aprovações, reprovações, justificativas e anexos de evidências.
Fluxos automatizados no Power Automate, garantindo notificações, aprovações via e-mail e integração entre os componentes da solução.
Bases estruturadas em listas SharePoint, assegurando armazenamento seguro, rastreabilidade e governança dos dados.
Painéis e relatórios dinâmicos, permitindo consultas avançadas, histórico completo e suporte às auditorias internas e externas.
A solução proporcionará:
Redução significativa de H/H nas cinco distribuidoras, eliminando processos manuais e retrabalho.
Transparência, confiabilidade e rastreabilidade das informações, incluindo notas e motivos das correções, essenciais para fiscalizações.
Mitigação da perda de informações, substituindo um processo antes realizado por milhares de e-mails mensais.
Economia financeira expressiva, evitando pagamentos indevidos por transgressões e possíveis multas regulatórias que podem somar milhões de reais por ano.";Todas as Distribuidoras já estão utilizando o aplicativo e sem mais ruídos, existe formas de se enviar de formato único ou em massa, apontar gestores paralelos em casa de férias do seu atual, e autenticação em 2 fatores funcionando, com rastreabilidade e segurança de cada uma das solicitações e partes dos processos;Sistemas de Loading para o powerapps e como contornar isso, como fazer backup automático e como fazer travas por tipos de usuário e rastreio de tentativas de manipulação.
1;2;Benchmark 4.0-Agentes de IA#6655;"O Microsoft Foundry não apenas promove inovação, mas também gera um impacto significativo na redução de custos operacionais, especialmente em relação às horas-homens (H/H). Ao automatizar processos que variam de tarefas simples a fluxos de trabalho complexos, a plataforma pode diminuir o custo dessas atividades em até 20 vezes quando comparado ao trabalho manual. Essa automação permite que as equipes se concentrem em demandas estratégicas e de maior valor agregado.

Com a eliminação de rotinas repetitivas, os colaboradores podem direcionar seus esforços para iniciativas que impulsionam o crescimento do negócio. Isso não apenas acelera a tomada de decisões, mas também posiciona a empresa para um crescimento sem precedentes, resultando em ganhos significativos em eficiência e competitividade.

Atualmente é visto dentro da gerência 4 grandes processos que demandam grandes quantidades de horas de colaboradores como especialistas engenheiros e analistas semanalmente quais juntos gastam 1 ou mais dias de trabalho de cada e podem ser substituídos por soluções automáticas com preço próximo a um estagiário por mês, e sem os encargos trabalhistas e complicações com a Lei Brasileira.

Importante Notar que não existe Assinatura única pelo serviço pois o mesmo é precificado por uso o tornando flexível e escalável, iniciando com valores baixos e conforme for subindo seu preço é porque o mesmo já está com processos bem definidos quais estão poupando tempo e dinheiro em escalas de 5 a 20 vezes como comentados antes.";"O Microsoft Foundry não apenas promove inovação, mas também gera um impacto significativo na redução de custos operacionais, especialmente em relação às horas-homens (H/H). Ao automatizar processos que variam de tarefas simples a fluxos de trabalho complexos, a plataforma pode diminuir o custo dessas atividades em até 20 vezes quando comparado ao trabalho manual. Essa automação permite que as equipes se concentrem em demandas estratégicas e de maior valor agregado.

Com a eliminação de rotinas repetitivas, os colaboradores podem direcionar seus esforços para iniciativas que impulsionam o crescimento do negócio. Isso não apenas acelera a tomada de decisões, mas também posiciona a empresa para um crescimento sem precedentes, resultando em ganhos significativos em eficiência e competitividade.

Atualmente é visto dentro da gerência 4 grandes processos que demandam grandes quantidades de horas de colaboradores como especialistas engenheiros e analistas semanalmente quais juntos gastam 1 ou mais dias de trabalho de cada e podem ser substituídos por soluções automáticas com preço próximo a um estagiário por mês, e sem os encargos trabalhistas e complicações com a Lei Brasileira.

Importante Notar que não existe Assinatura única pelo serviço pois o mesmo é precificado por uso o tornando flexível e escalável, iniciando com valores baixos e conforme for subindo seu preço é porque o mesmo já está com processos bem definidos quais estão poupando tempo e dinheiro em escalas de 5 a 20 vezes como comentados antes.";Não é possível ter resultados pois os testes não podem ser realizados devido a falta de ferramentas.;Não é possível ter resultados pois os testes não podem ser realizados devido a falta de ferramentas, pois com as atuais somos incapacitados de utilizar IA como se está utilizando até mesmo por pessoas comuns, estando muitos níveis abaixo de uma solução corporativa.
1;3;Agente Inteligente Corporativo#7331;"Ao final da fase de prototipação, será entregue um Agente Corporativo funcional, operando em ambiente controlado, capaz de responder dúvidas frequentes e apoiar processos padronizados por meio de integrações internas simples. O entregável inclui:

- Protótipo funcional.
- Fluxos de conversação documentados.
- Bases de conhecimento.
- Relatório de testes e feedback dos usuários.
- Registros de melhorias e recomendações para evolução.
- Avaliação de viabilidade de futura migração para uma solução equivalente.";"Ao final da fase de prototipação, será entregue um Agente Corporativo funcional, operando em ambiente controlado, capaz de responder dúvidas frequentes e apoiar processos padronizados por meio de integrações internas simples. O entregável inclui:

- Protótipo funcional.
- Fluxos de conversação documentados.
- Bases de conhecimento.
- Relatório de testes e feedback dos usuários.
- Registros de melhorias e recomendações para evolução.
- Avaliação de viabilidade de futura migração para uma solução equivalente.";"Durante a fase de testes, foram realizadas simulações com base em um fluxo real já implementado, contemplando abertura de solicitações (mudanças de TI), tratamento pela equipe e envio automatizado de retorno ao usuário.
É importante destacar que, nesta fase, não foi implementado um agente corporativo com capacidade autônoma ou inteligência artificial. O processo testado depende da atuação da equipe para análise e tratamento das solicitações, enquanto as automações via Power Automate atuam no suporte ao fluxo.

Resultados obtidos:
1. Coleta estruturada eficiente das solicitações, garantindo informações claras para atendimento.
2. Execução consistente das automações via Power Automate (notificações de registros e retorno de conclusão ao cliente).
3. Atendimento realizado de forma organizada pela equipe.
4. Comunicação final automatizada com sucesso, assegurando o fechamento do ciclo.

Indicadores:
100% das solicitações acionaram corretamente os fluxos.
100% das notificações foram entregues à equipe.
100% dos retornos foram enviados aos usuários.

De forma geral, o protótipo validou a eficiência da automação no suporte a processos, mesmo sem um agente inteligente ou uso de inteligência artificial aplicada.
Do ponto de vista evolutivo, a solução demonstra alto potencial de aprimoramento, podendo futuramente incorporar recursos de inteligência artificial e interpretação de linguagem natural, ampliando a autonomia e elevando o nível de experiência do cliente.";"Durante o processo de prototipação, foram identificadas lições importantes sobre limitações, oportunidades e uso das ferramentas disponíveis:

1. A construção de um agente corporativo completo, com inteligência e autonomia, não é viável sem recursos adicionais e ferramentas específicas (como Copilot Studio ou serviços de IA).
2. Mesmo sem IA, é possível obter ganhos significativos com automação de processos, especialmente na padronização e comunicação com o usuário.
3. A atuação humana continua sendo essencial no protótipo atual, principalmente nas etapas de análise e decisão, evidenciando que a solução ainda é semi-automatizada.
4. A integração entre etapas do processo (abertura, notificação, atendimento e retorno) é o principal diferencial da solução, mais do que a presença de inteligência artificial.
5. A clareza na estrutura do fluxo e nas regras de negócio é fundamental para o sucesso de qualquer automação.
6. A experiência obtida com o fluxo real reforça que o caminho para um agente corporativo passa primeiro pela organização e automação dos processos existentes.

Como conclusão, o protótipo demonstrou que, mesmo com limitações de recursos, é possível construir uma base sólida com automações e ferramentas básicas. Essa base pode evoluir no futuro para um Agente Corporativo mais avançado, com adoção de IA e capacidade de interação em linguagem natural."
1;4;Gestão de Equipes de Obras em Crise#7421;Será apresentado um protótipo final utilizando uma interface que indique equipes que podem ser realocadas/mobilizadas para atender crises. O protótipo deve também mostrar as equipes que estão ocupadas ou disponíveis.;Será apresentado um protótipo final utilizando uma interface que indique equipes que podem ser realocadas/mobilizadas para atender crises. O protótipo deve também mostrar as equipes que estão ocupadas ou disponíveis.;Não foram obtidos resultados para a iniciativa.;O Power BI apresentou melhor desempenho no boneco da iniciativa.
1;5;Ambiente gerenciador do programador do D18#7248;O protótipo visa entregar uma interface que permita ao programador do D18 verificar uma variedade de informações em um só lugar, como obras, a programar, pendências de fim físico, geolocalizador, dentre outros.;O protótipo visa entregar uma interface que permita ao programador do D18 verificar uma variedade de informações em um só lugar, como obras, a programar, pendências de fim físico, geolocalizador, dentre outros.;Não houve resultados para o projeto.;"A ferramenta de programação Python não foi a melhor opção aplicada.
A ferramenta mais adequada foi o Microsoft Access."
1;6;Sistema Integrado de Rastreamento de Equipamentos#6730;"O entregável final deste projeto consiste na prototipação completa e integrada de um Sistema de Rastreamento Equipamentos (SIREP), concebido para estruturar, visualizar e validar a ativos da rede elétrica de forma centralizada, rastreável 

A prototipação contempla um conjunto consistente de telas navegáveis, representando a experiência real de uso do sistema pelos diversos perfis envolvidos (engenharia, manutenção, operação e pré-operação), permitindo validar processos, fluxos para uma melhor implantação operacional.

Tela de Autenticação
- Interface de login institucional
- Controle de acesso restrito por usuário
- Ponto inicial de segurança e rastreabilidade das ações

Tela de Busca de Equipamentos
- Filtros por código do equipamento, tipo, alimentador, status, número de projeto e período
- Visualização tabular dos resultados
- Indicação clara do status operacional do ativo (ativo, substituição, realocação, inativo)

Ações diretas para acesso aos detalhes do equipamento

Tela de Detalhes do Equipamento
- Identificação completa do ativo (código, tipo, fabricante, modelo, classe de tensão)
- Associação com projeto, documentação técnica e imagens
- Exibição de dados adicionais relevantes ao acompanhamento operacional
- Visão consolidada do estado atual do equipamento

Aba de Rastreamento
- Registro estruturado das movimentações do equipamento entre alimentadores
- Identificação de alimentador de origem e destino
- Datas de instalação e remoção
- Integração conceitual com sistemas corporativos (ex.: GSE e SAGE)
- Registro do responsável e observações do evento
- Evidência clara da rastreabilidade física e sistêmica

 Aba de Manutenção
- Visualização destacada da última manutenção realizada e da próxima manutenção prevista
- Informações críticas apresentadas de forma imediata:
- Tipo de manutenção
- Status (em andamento / concluída)
- Datas
- Número do PES
- Responsável
- Campo de observações com histórico de registros técnicos
- Apoio à tomada de decisão operacional e preventiva

 Aba de Histórico
- Linha do tempo completa do equipamento
- Registro cronológico de eventos:
- Inclusão como novo ativo
- Substituições
- Realocações
- Manutenções
- Desativação
- Identificação do usuário responsável por cada evento
- Preservação total do histórico do ativo, independentemente de seu status atual

Gostaria de informar que possuo imagens do SIREP e também do Fluxo de atividade porem não consigo adicionar nos anexos.";"O entregável final deste projeto consiste na prototipação completa e integrada de um Sistema de Rastreamento Equipamentos (SIREP), concebido para estruturar, visualizar e validar a ativos da rede elétrica de forma centralizada, rastreável 

A prototipação contempla um conjunto consistente de telas navegáveis, representando a experiência real de uso do sistema pelos diversos perfis envolvidos (engenharia, manutenção, operação e pré-operação), permitindo validar processos, fluxos para uma melhor implantação operacional.

Tela de Autenticação
- Interface de login institucional
- Controle de acesso restrito por usuário
- Ponto inicial de segurança e rastreabilidade das ações

Tela de Busca de Equipamentos
- Filtros por código do equipamento, tipo, alimentador, status, número de projeto e período
- Visualização tabular dos resultados
- Indicação clara do status operacional do ativo (ativo, substituição, realocação, inativo)

Ações diretas para acesso aos detalhes do equipamento

Tela de Detalhes do Equipamento
- Identificação completa do ativo (código, tipo, fabricante, modelo, classe de tensão)
- Associação com projeto, documentação técnica e imagens
- Exibição de dados adicionais relevantes ao acompanhamento operacional
- Visão consolidada do estado atual do equipamento

Aba de Rastreamento
- Registro estruturado das movimentações do equipamento entre alimentadores
- Identificação de alimentador de origem e destino
- Datas de instalação e remoção
- Integração conceitual com sistemas corporativos (ex.: GSE e SAGE)
- Registro do responsável e observações do evento
- Evidência clara da rastreabilidade física e sistêmica

 Aba de Manutenção
- Visualização destacada da última manutenção realizada e da próxima manutenção prevista
- Informações críticas apresentadas de forma imediata:
- Tipo de manutenção
- Status (em andamento / concluída)
- Datas
- Número do PES
- Responsável
- Campo de observações com histórico de registros técnicos
- Apoio à tomada de decisão operacional e preventiva

 Aba de Histórico
- Linha do tempo completa do equipamento
- Registro cronológico de eventos:
- Inclusão como novo ativo
- Substituições
- Realocações
- Manutenções
- Desativação
- Identificação do usuário responsável por cada evento
- Preservação total do histórico do ativo, independentemente de seu status atual

Gostaria de informar que possuo imagens do SIREP e também do Fluxo de atividade porem não consigo adicionar nos anexos.";"Durante a etapa de prototipação do SIREP — Sistema Integrado de Rastreamento de Equipamentos, foram realizados testes com dados fictícios, simulando situações relacionadas ao cadastro, rastreamento, movimentação, manutenção, substituição, realocação e desativação de equipamentos de proteção da rede elétrica.
Os resultados obtidos foram interessantes, pois permitiram visualizar, de forma prática, como a centralização das informações em uma única plataforma pode contribuir para o controle dos ativos, a redução de inconsistências cadastrais e o aumento da confiabilidade na consulta dos dados. A simulação demonstrou que o sistema pode facilitar a identificação da localização dos equipamentos, o acompanhamento do histórico de intervenções e a atualização das informações ao longo do ciclo de vida do ativo.
Além disso, os testes evidenciaram que o SIREP pode apoiar o acompanhamento de indicadores operacionais, como DEC e FEC, ao permitir uma análise mais organizada da atuação dos equipamentos no sistema elétrico. A plataforma poderá concentrar informações sobre quantidade de atuações dos equipamentos, registros de correção de falhas, histórico de manutenções realizadas, substituições executadas e possíveis recidências de falhas em determinados equipamentos ou trechos da rede.
Dessa forma, os testes com dados fictícios mostraram que o SIREP tem potencial para auxiliar não apenas na rastreabilidade dos equipamentos, mas também na geração de informações estratégicas para a operação, manutenção e planejamento da rede elétrica. Com dados mais organizados e históricos mais confiáveis, torna-se possível identificar padrões de falhas, avaliar o desempenho dos equipamentos e apoiar ações preventivas e corretivas de forma mais assertiva.";"Durante o processo de prototipação, foi possível compreender melhor a importância da rastreabilidade dos equipamentos de proteção e o impacto que informações dispersas, duplicadas ou desatualizadas podem gerar na rotina operacional da empresa. A construção do protótipo mostrou que um sistema eficiente não depende apenas de uma boa interface, mas também da qualidade, organização e padronização dos dados inseridos.
Uma das principais lições aprendidas foi a necessidade de estruturar fluxos claros para cada etapa do ciclo de vida do equipamento, desde a instalação inicial até possíveis movimentações, substituições, manutenções ou desativações. Também ficou evidente que o sistema deve funcionar como uma ferramenta de apoio à gestão e à consulta das informações, sem substituir a análise técnica ou a tomada de decisão dos profissionais responsáveis.
Outro ponto importante foi perceber que os indicadores precisam estar diretamente relacionados à realidade operacional. Informações como DEC, FEC, quantidade de atuações dos equipamentos, correções de falhas, manutenções, substituições e recidências podem fornecer uma visão mais completa sobre o comportamento dos ativos na rede elétrica. Esses dados ajudam a identificar equipamentos com maior frequência de atuação, trechos com falhas recorrentes e oportunidades de melhoria no planejamento das intervenções.
Além disso, tive a oportunidade de me comunicar e conhecer melhor outras áreas da empresa, como Automação, Pós-Operação, Manutenção e Planejamento, além da Operação, que é a área em que atuo. Esse contato foi muito importante para ampliar minha visão sobre os processos internos, compreender as necessidades de diferentes setores e perceber como a integração entre áreas pode fortalecer o desenvolvimento de uma solução mais completa, útil e alinhada à realidade da empresa."
1;7;Operação Base Forte#6782;O entregável da prototipação consiste em um MVP em Power Apps que demonstra, ponta a ponta, o fluxo padronizado de atualização cadastral de ativos (cadastro inicial, manutenção e vistoria periódica), tendo o GSE como fonte‑mestra, com telas, regras de validação, estados de workflow e registro de evidências (responsável, data, anexos) para garantir rastreabilidade e retorno das informações saneadas à área de Perdas Técnicas. Esse MVP é suportado por uma base Excel que consolida dados e casos de teste (incluindo logs de alterações e painel de resultados), um documento Word com o plano de testes (escopo, dados de teste, RACI, critérios de aceite e resultados) e uma apresentação PowerPoint que sintetiza problema, solução, fluxo, capturas do app e indicadores simulados de ganho (tempo de ciclo por etapa e redução de retrabalho). O protótipo é considerado concluído quando executa sem falhas os cenários definidos, gera evidências completas e apresenta os resultados na trilha de validação das áreas envolvidas.;O entregável da prototipação consiste em um MVP em Power Apps que demonstra, ponta a ponta, o fluxo padronizado de atualização cadastral de ativos (cadastro inicial, manutenção e vistoria periódica), tendo o GSE como fonte‑mestra, com telas, regras de validação, estados de workflow e registro de evidências (responsável, data, anexos) para garantir rastreabilidade e retorno das informações saneadas à área de Perdas Técnicas. Esse MVP é suportado por uma base Excel que consolida dados e casos de teste (incluindo logs de alterações e painel de resultados), um documento Word com o plano de testes (escopo, dados de teste, RACI, critérios de aceite e resultados) e uma apresentação PowerPoint que sintetiza problema, solução, fluxo, capturas do app e indicadores simulados de ganho (tempo de ciclo por etapa e redução de retrabalho). O protótipo é considerado concluído quando executa sem falhas os cenários definidos, gera evidências completas e apresenta os resultados na trilha de validação das áreas envolvidas.;"Testes bem sucedidos com a utilização do MVP que foi realizado através de desenvolvimento de software, utilizando ferramenta homologada da empresa (Visual Studio Code), entendendo o funcionamento do fluxo e adaptando às necessidades da área cliente.
Os dados foram cadastrados, alterados e também removidos conforme previsto no escopo inicial do projeto, tendo ajustes conforme o entendimento de solicitações e meios otimizados para atender às necessidades que foram passadas, além de melhorias proativas ao longo da consolidação.";Entendimento de limitações em campo e das ferramentas inicialmente pensadas, levando a utilizar desenvolvimento próprio dentro de um ambiente controlado e homologado, além da empatia da vivência do usuário.
1;8;INTERFACE DE ANÁLISE DE RELIGADORES#6684;Um protótipo funcional em Power BI (arquivo .PBIX e/ou publicado em workspace) que consolida dados de múltiplos sistemas (todos os sistemas possíveis mapeados e acessíveis por extração) para apoiar o diagnóstico operacional de religadores indisponíveis, exibindo evidências e indicadores para tomada de decisão na rotina da operação.;Um protótipo funcional em Power BI (arquivo .PBIX e/ou publicado em workspace) que consolida dados de múltiplos sistemas (todos os sistemas possíveis mapeados e acessíveis por extração) para apoiar o diagnóstico operacional de religadores indisponíveis, exibindo evidências e indicadores para tomada de decisão na rotina da operação.;"Foi desenvolvido um dashboard inicial Base Integrada de Automação (BIA), com foco no monitoramento e análise dos religadores da COSERN. A solução consolida, em uma única visão, indicadores operacionais relevantes para apoiar o acompanhamento, o diagnóstico e a priorização de ações. A interface apresenta uma visão integrada dos principais indicadores, permitindo acompanhar:
Volume de equipamentos monitorados: 2.349 religadores
Falhas TST (taxa de sucesso de telecomando): 1.021 registros
Equipamentos sem envio de comando: 1.021
Alarmes registrados no PAIOL: 668 ocorrências
Análises adicionais disponibilizadas no painel
Além dos indicadores gerais, o dashboard permite identificar gaps operacionais por equipamento, classificados em:
Gap PAIOL: equipamentos que apresentam desempenho abaixo do esperado, porém não estão sendo devidamente monitorados pelo PAIOL.
Gap de Cadastro: equipamentos que estão operando sem monitoramento ativo pelo Zabbix, indicando possível ausência/erro de cadastro ou integração.
Gap de Meio de Comunicação: equipamentos com disponibilidade de telecom abaixo do parâmetro definido, sugerindo impacto do meio de comunicação na operação.
Criticidade BIA – distribuição de alarmes
O painel também apresenta a distribuição de alarmes por criticidade BIA, permitindo orientar a priorização de tratativas:
Baixa: 315
Média: 62
Alta: 42";"A consolidação das bases SCADA, TST, Telecom e PAIOL em uma única visão trouxe um ganho imediato de entendimento do cenário operacional, permitindo triagem mais rápida, priorização mais assertiva e maior visibilidade sobre a saúde dos religadores.
Durante a POC, também ficou evidente a complexidade e diversidade dos problemas associados aos religadores, incluindo ocorrências que ainda não estavam completamente mapeadas pelos processos atuais de monitoramento e acompanhamento. Esse achado reforça a necessidade de evolução contínua das regras de classificação, do catálogo de anomalias e das definições de criticidade.
Além disso, a iniciativa evidenciou a importância de fortalecer a governança e integração entre as áreas envolvidas, especialmente COI, CEGRI e O&M, para garantir alinhamento sobre: regras e critérios de análise (gaps e criticidade), responsabilidades de tratamento, fluxos de acionamento e retorno, padronização e qualidade dos dados."
1;9;Plataforma Projeta+#7339;Um aplicativo bem iterativo de fácil acesso ao usuário, onde ele consiga colocar suas informações de consumo;Um aplicativo bem iterativo de fácil acesso ao usuário, onde ele consiga colocar suas informações de consumo;Nosso projeto trabalha em fluxo inverso  :  a energia e os recursos  e os recursos  que antes eram perdidos  ou descartados , agora volam para a rede  a comunidade  é um sistema  que limpa  o ambiente  e desenvolve a energia  para quem mais precisa .;impactos  sociais, ambientais   e econômicos .
1;10;Plataforma Digital de Contratação Inteligente de Energia para Clientes do Grupo A#7266;Entrega final: um aplicativo interativo, de fácil acesso e uso, que permite ao usuário inserir suas informações de consumo e receber a indicação da demanda adequada a ser contratada. O produto é direcionado a grandes clientes.;Entrega final: um aplicativo interativo, de fácil acesso e uso, que permite ao usuário inserir suas informações de consumo e receber a indicação da demanda adequada a ser contratada. O produto é direcionado a grandes clientes.;O resultado foi um projeto bem estruturado na área destinada, podendo acarretar benefícios tanto para a população quanto para a distribuidora.;A experiência proporcionada contribuiu significativamente para o desenvolvimento de uma visão inovadora, estimulando a capacidade de pensar de forma criativa e estratégica, além dos padrões convencionais
1;11;GSE EFFICIENCY#7227;Ao término da prototipação, será entregue um protótipo simplificado da tela do GSE, incluindo a aba “Status de medição”. Nessa aba, será possível indicar se o cliente está em ligação direta ou em medição normal, facilitando sua identificação.;Ao término da prototipação, será entregue um protótipo simplificado da tela do GSE, incluindo a aba “Status de medição”. Nessa aba, será possível indicar se o cliente está em ligação direta ou em medição normal, facilitando sua identificação.;"Por meio desse sistema, será possível identificar de forma mais eficiente os consumidores com ligação direta, eliminando a necessidade de concluir ocorrências com status ""incompleta"", o que atualmente impacta negativamente o TMAE e gera prejuízos na arrecadação";"A experiência evidenciou a necessidade de maior centralização e automação das informações no sistema, uma vez que a ausência de uma interface adequada dificulta a identificação ágil de consumidores com ligação direta, gerando retrabalho, dependência de análises manuais e maior exposição a erros; além disso, a prática de concluir ocorrências com status ""incompleta"" impacta negativamente indicadores operacionais, como o TMAE, e compromete a confiabilidade dos dados, refletindo também em perdas de arrecadação, o que reforça a importância de evoluir a ferramenta para apoiar de forma mais eficiente os processos de negócio, priorizando soluções preventivas em vez de corretivas."
1;12;Ferramenta de Análise de Consumo de Religadores#7074;Um dashboard Power BI alimentado por um pipeline em Python que cruza consumo + logs de comunicação+ bases operacionais para indicar causas prováveis do estouro de pacote de dados por religador, validado com Automação/O&M.;Um dashboard Power BI alimentado por um pipeline em Python que cruza consumo + logs de comunicação+ bases operacionais para indicar causas prováveis do estouro de pacote de dados por religador, validado com Automação/O&M.;"Durante a fase de prototipagem, foi desenvolvido e validado um dashboard inicial utilizando uma amostra de 40 religadores, com dados integrados via pipeline em Python. Os principais resultados observados foram:

1. Visão consolidada dos equipamentos
A primeira página do dashboard demonstrou ser eficaz para fornecer uma visão geral do parque analisado, permitindo: identificação rápida do status dos religadores (ativos vs. suspensos), visualização centralizada dos equipamentos monitorados, facilidade de navegação e seleção para análises mais detalhadas. Essa abordagem contribuiu para melhorar a eficiência operacional, reduzindo o tempo necessário para localizar e investigar equipamentos com comportamento atípico.

2. Análise individualizada e interativa
A segunda página, acionada por meio da seleção de um equipamento, possibilitou: visualização de informações gerais do religador, exibição geográfica via mapa, facilitando contexto operacional, acompanhamento do consumo de dados ao longo do mês, apresentação de um diagnóstico preliminar sobre possíveis causas de alto consumo. Essa funcionalidade trouxe ganhos relevantes na redução do tempo de análise, permitindo uma investigação mais direta e orientada por dados.

3. Identificação preliminar de causas de alto consumo
Mesmo em estágio inicial, o cruzamento de consumo com logs e dados operacionais permitiu: sinalizar padrões de consumo anômalos, levantar hipóteses sobre causas como falhas de comunicação, retransmissões excessivas ou configurações inadequadas, criar uma base para validação futura com as áreas de Automação e O&M. Isso evidencia o potencial da solução para melhoria da qualidade do serviço e redução de custos associados ao uso indevido ou excessivo de dados.";Durante o desenvolvimento do protótipo, foram identificadas importantes lições que irão orientar os próximos passos: Qualidade dos dados: Inconsistências e falta de padronização impactam diretamente as análises, exigindo maior tratamento no pipeline. Diagnóstico ainda em evolução: As regras utilizadas precisam ser refinadas e validadas com especialistas de Automação e O&M. Usabilidade faz diferença: A navegação interativa e visual clara são essenciais para facilitar a análise e adoção do dashboard. Escalabilidade: O modelo funcionou bem com 40 religadores, mas demandará otimizações para expansão. Integração entre áreas: A colaboração com áreas técnicas é fundamental para garantir confiabilidade nos diagnósticos.
2;1;Informe de Seguros - Portal Centralizado#6457;Protótipo navegável do Portal Centralizado de Informe de Seguros, com fluxo completo de notificação, telas principais e formulário dinâmico. Inclui trilha de aprovação/direcionamento, histórico e visão de status. Servirá para validar a experiência do usuário, coletar melhorias e embasar a decisão sobre evolução sistêmica;Protótipo navegável do Portal Centralizado de Informe de Seguros, com fluxo completo de notificação, telas principais e formulário dinâmico. Inclui trilha de aprovação/direcionamento, histórico e visão de status. Servirá para validar a experiência do usuário, coletar melhorias e embasar a decisão sobre evolução sistêmica;Testes concluídos conforme o roteiro planejado, com validação do fluxo ponta a ponta. Navegação, clareza das telas e registro das informações atenderam aos critérios definidos.;"Alinhamento prévio de requisitos reduz retrabalho; campos obrigatórios e evidências precisam estar bem orientados; padronização de status e prazos facilita governança."
2;2;Controle de Hora Extra#6688;O produto final consiste numa planilha que acompanha o cadastramento e analisa os dados para que possa ser feito acompanhamento das horas extras realizadas de forma macro (METRO) e de forma micro (NPLs). Dessa forma, a planilha apresenta páginas que possuem tabelas de acompanhamento, gráficos por mês e detalhamento das NPLs da regional.;O produto final consiste numa planilha que acompanha o cadastramento e analisa os dados para que possa ser feito acompanhamento das horas extras realizadas de forma macro (METRO) e de forma micro (NPLs). Dessa forma, a planilha apresenta páginas que possuem tabelas de acompanhamento, gráficos por mês e detalhamento das NPLs da regional.;A partir da análise das necessidades da equipe, foi validado o projeto final para acompanhamento das horas extras realizadas. Assim, está sendo possível fazer um acompanhamento baseado nos valores de 2025;Conhecimento sobre como funciona e quais situações contextualizam a necessidade de se realizar hora extra para uma equipe de manutenção na Subtransmissão
2;3;Automatização no Processo de Equipamentos Indisponíveis#6560;"O entregável final do projeto abrange uma série de melhorias significativas, que incluem:

1. Modificações no Portal da Operação: Implementação de aprimoramentos que visam otimizar o processo de captação dos dados registrados na plataforma.
   
2. Estrutura Robusta para Tratamento de Dados: Desenvolvimento de uma infraestrutura sólida que assegura o tratamento adequado dos dados coletados no Portal da Operação.

3. Criação de um Dashboard: Elaboração de um painel de controle que possibilita a visualização, análise e estudo dos dados processados de forma eficiente.

Essas melhorias visam não apenas aumentar a eficiência do sistema, mas também proporcionar uma experiência mais intuitiva e informativa para os usuários.";"O entregável final do projeto abrange uma série de melhorias significativas, que incluem:

1. Modificações no Portal da Operação: Implementação de aprimoramentos que visam otimizar o processo de captação dos dados registrados na plataforma.
   
2. Estrutura Robusta para Tratamento de Dados: Desenvolvimento de uma infraestrutura sólida que assegura o tratamento adequado dos dados coletados no Portal da Operação.

3. Criação de um Dashboard: Elaboração de um painel de controle que possibilita a visualização, análise e estudo dos dados processados de forma eficiente.

Essas melhorias visam não apenas aumentar a eficiência do sistema, mas também proporcionar uma experiência mais intuitiva e informativa para os usuários.";"- Extração via SAP foi realizada sem problemas com auxílio do time de PCP da Subtransmissão (realizada diariamente)
- Estudo de bases de dados importantes (Codificação dos ativos; Codificação de Alarmes; Matriz de Risco) para o tratamento dos dados
- Tratamento dos dados extraídos foi realizado a partir de uma query, que a partir da mescla com outras bases de dados, deixou num modelo adequado para utilização na plataforma e com informações claras e segmentadas
- Desenvolvimento da página foi realizado junto ao time de Pós Operação, foi criada uma página web para exposição dos resultados obtidos e analisados nas outras etapas (Indisponibilidades totais; Novos indisponíveis e Normalizados; Balanço nos últimos 7 dias; Subestações com mais indisponibilidades; Ativo mais indisponível; Detalhamento das notas)
- Apresentação para a equipe de Manutenção da Subtransmissão para validação da plataforma e aquisição de feedbacks";Pode ser reconhecido nessa trajetória o desenvolvimento técnico adquirido, como o conhecimento de Equipamentos Indisponíveis, de como funciona a visão de Operação e Manutenção sobre esses equipamentos, familiaridade com a codificação dos ativos, entendimento sobre os alarmes e sua matriz de risco, desenvolvimento das práticas de plataformas web e apresentação de projetos. Além disso, é necessário reconhecer o aprendizado de saber que as equipes podem e devem trabalhar juntas em prol de um resultado que beneficie a todos, dessa forma - com a maior quantidade de visões e a soma de conhecimentos diferentes - é possível chegar num produto melhor e mais adequado para a utilização de todo o time.
2;4;Modelagem Estratégica de Mercado#6532;"Entregável final da prototipação:
- Scores individuais por cliente, indicando a probabilidade de migração para cada mercado.
- Modelo preditivo e sistema de automação para geração e atualização desses scores.";"Entregável final da prototipação:
- Scores individuais por cliente, indicando a probabilidade de migração para cada mercado.
- Modelo preditivo e sistema de automação para geração e atualização desses scores.";Após as análises dos clientes no grupo A, a seleção de variáveis e a chegada em um modelo preditivo coeso, o primeiro produto final foi o modelo que recebe um cliente com suas especificações, e é gerado um score relacionado a probabilidade de migração desse cliente.;Durante a prototipação, fui percebendo como o andamento das atividades muitas vezes se sobrepunham, mesmo no ideal o melhor seria fazer uma de cada vez, ou aguardar finalizar uma antes de iniciar outra, conceito esse que acabou sendo reforçado nos treinamentos existentes no Workday. Outra lição foi ter que lidar com a limitação do computador e dos softwares quanto a análise dos dados pesados, tendo que utilizar métodos diversificados para contornais certas limitações.
2;5;Ferramenta de orçamentação#6153;"O entregável consiste em um executável que disponibiliza uma ferramenta de orçamentação acessível diretamente pelo navegador, por meio da porta 8501. Desenvolvido em Python e baseado no framework Streamlit, o sistema oferece uma interface gráfica moderna, simples e intuitiva, garantindo praticidade e agilidade no uso.
Ao iniciar o aplicativo, o usuário encontra campos bem estruturados para inserir informações essenciais ao orçamento — como itens, quantidades e observações — de maneira clara e organizada. A adoção do Streamlit assegura não apenas um visual responsivo e atual, mas também abre caminho para futuras evoluções, como a integração de recursos analíticos avançados e a geração automatizada de relatórios.";"O entregável consiste em um executável que disponibiliza uma ferramenta de orçamentação acessível diretamente pelo navegador, por meio da porta 8501. Desenvolvido em Python e baseado no framework Streamlit, o sistema oferece uma interface gráfica moderna, simples e intuitiva, garantindo praticidade e agilidade no uso.
Ao iniciar o aplicativo, o usuário encontra campos bem estruturados para inserir informações essenciais ao orçamento — como itens, quantidades e observações — de maneira clara e organizada. A adoção do Streamlit assegura não apenas um visual responsivo e atual, mas também abre caminho para futuras evoluções, como a integração de recursos analíticos avançados e a geração automatizada de relatórios.";"Os resultados Foram bem sucedidos em diversos pontos:
- Relatórios personalizados;
- Tempo de Orçamentação;
- Padronização nas distribuidoras;
- Base de Dados de Fácil manutenção;
- Implementação de Nova tecnologia.";"- É necessário comunicação contínua com os usuários;
- Ao trabalhar com Software é necessário validação pelos usuários;
- Implementar Rotina de atualização Contínua;
- Requisitos claros são fundamentais;
- Testes não são opcionais."
2;6;Controle Integrado de Materiais Técnico & Segurança#6508;"Protótipo de um painel integrado que:

- Mostra reservas, pedidos, orçado, realizado.
- Atualiza Semanalmente.
- Permite filtros por Superitendência, Unidade Territorial de Distribuição (UTD), Item financeiro (Material Técnico / Material de Segurança),Motivo da Reserva ( Kit novo colaborador, reprova em teste, reposição Orgânica).
- Integração com a base do sistema Appollus.
- Visão Reservas através da MB51 e Pedidos realizados pelas UTDs do sistema SAP - FMEM";"Protótipo de um painel integrado que:

- Mostra reservas, pedidos, orçado, realizado.
- Atualiza Semanalmente.
- Permite filtros por Superitendência, Unidade Territorial de Distribuição (UTD), Item financeiro (Material Técnico / Material de Segurança),Motivo da Reserva ( Kit novo colaborador, reprova em teste, reposição Orgânica).
- Integração com a base do sistema Appollus.
- Visão Reservas através da MB51 e Pedidos realizados pelas UTDs do sistema SAP - FMEM";"Como esperado o Controle Integrado de Materiais Técnico & Segurança entregou resultados positivos que permite a gestão dessas duas contas importantes para a operação. O BI permite monitoramento semanal dos custos operacionais, evitando que a análise ocorra apenas após o fechamento do mês, além das analisas detalhadas de gastos por SUP, Setor e UTD. 

Segue link: https://app.powerbi.com/groups/me/apps/5ca3f4ea-1899-44a6-af52-0b3abf360a40/reports/0db74725-847f-45f8-ae98-9945477e1a7b?ctid=031a09bc-a2bf-44df-888e-4e09355b7a24&experience=power-bi";"Durante o planejamento do protótipo, algumas lições importantes foram identificadas: 
- O BI não é apenas visualização, mas apoio à operação;
- As pessoas precisam de dashboards intuitivos para realmente utilizar as informações no dia a dia da Operação;
- Integração de sistemas ( FMEM, MB51, BI.....)"
2;7;Mapa Gerencial - Carteira de Grandes Clientes#6747;O Mapa Gerencial – Carteira de Grandes Clientes é uma solução dedicada ao acompanhamento, programação e gestão das obras em execução para clientes estratégicos do departamento. O produto visa fornecer uma visão consolidada e atualizada da carteira de obras, apresentando status, prazos, etapas, responsáveis, regional de atendimento e impacto operacional de cada intervenção. O mapa utiliza dados atualizados automaticamente, permitindo que gestores e consultores monitorem o andamento das obras, identifiquem gargalos, priorizem demandas e planejem ações preventivas. Além disso, inclui recursos de evidência de progresso, histórico de alterações, indicadores-chave (obras críticas, atrasadas, concluídas e programadas), além de possibilitar a visualização por filtros como tipo de obra, cliente, regional e período. A solução fornece governança, rastreabilidade e visibilidade estratégica, apoiando decisões rápidas e contribuindo diretamente para a qualidade do atendimento aos grandes clientes.;O Mapa Gerencial – Carteira de Grandes Clientes é uma solução dedicada ao acompanhamento, programação e gestão das obras em execução para clientes estratégicos do departamento. O produto visa fornecer uma visão consolidada e atualizada da carteira de obras, apresentando status, prazos, etapas, responsáveis, regional de atendimento e impacto operacional de cada intervenção. O mapa utiliza dados atualizados automaticamente, permitindo que gestores e consultores monitorem o andamento das obras, identifiquem gargalos, priorizem demandas e planejem ações preventivas. Além disso, inclui recursos de evidência de progresso, histórico de alterações, indicadores-chave (obras críticas, atrasadas, concluídas e programadas), além de possibilitar a visualização por filtros como tipo de obra, cliente, regional e período. A solução fornece governança, rastreabilidade e visibilidade estratégica, apoiando decisões rápidas e contribuindo diretamente para a qualidade do atendimento aos grandes clientes.;O protótipo do Mapa Gerencial – Carteira de Grandes Clientes estabeleceu a base funcional para uma solução integrada de acompanhamento das obras destinadas aos clientes estratégicos do departamento. A versão inicial consolidou informações essenciais da carteira — como status, prazos, etapas, regional responsável, prioridades e indicadores críticos — oferecendo uma primeira visualização estruturada do fluxo de obras em andamento. O protótipo permitiu validar a viabilidade técnica da atualização automática dos dados, dos filtros segmentados e da lógica de classificação das obras, além de demonstrar a capacidade da ferramenta de fornecer visibilidade consolidada para gestores e consultores. Mesmo em fase inicial, o modelo possibilitou identificar gargalos operacionais, testar regras de categorização, alinhar expectativas com as áreas demandantes e orientar futuras evoluções da solução. Como entrega preliminar, o protótipo cumpriu seu papel de demonstrar o potencial da plataforma, estabelecer conceitos funcionais, validar requisitos e direcionar ajustes necessários para uma versão final robusta, responsiva e aderente às necessidades do departamento e dos grandes clientes.;"A centralização das informações da carteira melhora a acurácia e reduz divergências entre diferentes unidades e equipes envolvidas no processo.
A atualização automática dos dados mostrou-se essencial para evitar defasagens de informação e garantir decisões em tempo real.
A definição clara das regras de classificação das obras evidenciou a importância de padronização para leitura consistente do painel.
O controle sistemático por logs e histórico de alterações facilitou auditorias, diagnósticos e revisões após incidentes.
A manutenção contínua do painel reforçou que soluções críticas exigem monitoramento frequente, mesmo quando consideradas estáveis, para preservar qualidade e confiabilidade."
2;8;Automação do Cadastro para Migração do Mercado Livre (Portal de Medição)#6733;A automação do cadastro para migração ao Mercado Livre no Portal da Medição tem como objetivo eliminar etapas manuais e padronizar o processo pelo qual os clientes solicitam sua migração para o mercado livre de energia. O sistema recebe os dados necessários, valida informações obrigatórias, aplica regras de consistência (como conferência de CNPJ, número de unidade consumidora ou pendências documentais) e envia automaticamente o cadastro ao Portal da Medição por meio de integração. A automação também trata os retornos das iterações, garantindo que cada transação seja registrada com logs detalhados, permitindo rastreabilidade e auditoria. O recurso reduz falhas humanas, acelera o fluxo de atendimento, assegura conformidade com os padrões internos e melhora a experiência do cliente ao tornar o processo mais rápido, padronizado e confiável.;A automação do cadastro para migração ao Mercado Livre no Portal da Medição tem como objetivo eliminar etapas manuais e padronizar o processo pelo qual os clientes solicitam sua migração para o mercado livre de energia. O sistema recebe os dados necessários, valida informações obrigatórias, aplica regras de consistência (como conferência de CNPJ, número de unidade consumidora ou pendências documentais) e envia automaticamente o cadastro ao Portal da Medição por meio de integração. A automação também trata os retornos das iterações, garantindo que cada transação seja registrada com logs detalhados, permitindo rastreabilidade e auditoria. O recurso reduz falhas humanas, acelera o fluxo de atendimento, assegura conformidade com os padrões internos e melhora a experiência do cliente ao tornar o processo mais rápido, padronizado e confiável.;A automação de cadastro de migração ao Mercado Livre no Portal da Medição padronizou o fluxo de envio das solicitações e eliminou etapas suscetíveis a inconsistências manuais. O processo passou a receber e validar informações obrigatórias, aplicar regras de consistência e registrar logs detalhados de cada interação, garantindo rastreabilidade e aderência aos padrões internos. A integração estabelecida com o Portal da Medição permitiu o envio automático das solicitações e o tratamento dos retornos da plataforma, assegurando acompanhamento completo de cada transação. Com a automação, o fluxo tornou-se mais rápido, previsível e confiável. A redução de manipulações manuais diminuiu falhas operacionais, acelerou o tempo de atendimento e proporcionou maior padronização na análise dos dados enviados, contribuindo para um processo mais eficiente e alinhado às exigências do mercado livre de energia.;"A validação automatizada de dados e regras de consistência reduz significativamente retrabalho e garante maior confiabilidade às solicitações enviadas.
A rastreabilidade completa via logs detalhados mostrou-se essencial para auditoria, suporte e diagnóstico de inconsistências, permitindo rápida identificação de desvios e comportamento do processo.
A execução diária de atividades de verificação, mesmo com alocação reduzida, foi suficiente para manter a organização e controle do desenvolvimento, evitando acúmulo de demandas e garantindo cadência estável.
A integração direta com o Portal da Medição reforçou a importância de homologações iterativas, especialmente em fluxos que dependem de validações externas.
A ausência de contratação externa enfatizou o valor de processos estruturados, documentação contínua e priorização adequada, permitindo que o desenvolvimento avançasse de forma controlada dentro do escopo disponível."
2;9;Portal de Centralização de Automações (Origo)#5807;O Origi é o portal corporativo que centraliza as automações do departamento e orquestra os tratamentos e atualizações das bases de dados, oferecendo visão operacional e executiva em um único ambiente com governança e trilha de auditoria completas. O portal reúne módulos especializados — Relacionamento, Obras, Serviços, Contratos, Relatórios e Indicadores, MMGD e Mercado Livre — além de Gestão de Perfil transversal, que administra perfis, permissões e preferências de notificação por unidade/regional. No Relacionamento, há schedule de atualização automática da base de clientes uma vez por semana e dashboard de indicadores de faturamento e débito acumulado. Em Obras, a base de obras para clientes de GD e Carga é atualizada duas vezes ao dia por carga automática, com dashboard de indicadores e mapa gerencial para análise georreferenciada e por regional. O módulo de Serviços executa schedule diário de atualização da base, mantém dashboard de desempenho (entradas, backlog, idade) e dispara notificações de status para clientes uma vez ao dia, com possibilidade de ativação manual imediata quando necessário. Em Contratos, o schedule atualiza a base duas vezes ao dia, há dashboard de indicadores contratuais e um portal de gerenciamento de contratos em aberto com geração automática de contratos a partir de templates e metadados. O módulo de Relatórios e Indicadores consolida uma visão executiva em dashboard geral do departamento e oferece upload centralizado e padronizado para as três unidades, com validação de layout e versionamento. Em MMGD, o portal apresenta dashboard de indicadores específicos, automatiza o envio de notificações de atendimento às listas de rateio solicitadas pelos clientes e mantém schedule de atualização da base de clientes de mini e microgeração. Já em Mercado Livre, o sistema executa schedule de atualização da base de clientes, disponibiliza dashboard de pipeline e performance e realiza a automação de cadastro de clientes que solicitam migração no Portal da Medição, garantindo validações de integridade e retorno de status. Em todos os módulos, todas as interações do usuário — como inclusões, alterações, consultas sensíveis, disparos manuais e publicações — são registradas em logs de atividades com carimbo de data e hora, usuário, ação e parâmetros críticos, assegurando resguardo, histórico e conformidade para auditoria, análise e recuperação operacional.;O Origi é o portal corporativo que centraliza as automações do departamento e orquestra os tratamentos e atualizações das bases de dados, oferecendo visão operacional e executiva em um único ambiente com governança e trilha de auditoria completas. O portal reúne módulos especializados — Relacionamento, Obras, Serviços, Contratos, Relatórios e Indicadores, MMGD e Mercado Livre — além de Gestão de Perfil transversal, que administra perfis, permissões e preferências de notificação por unidade/regional. No Relacionamento, há schedule de atualização automática da base de clientes uma vez por semana e dashboard de indicadores de faturamento e débito acumulado. Em Obras, a base de obras para clientes de GD e Carga é atualizada duas vezes ao dia por carga automática, com dashboard de indicadores e mapa gerencial para análise georreferenciada e por regional. O módulo de Serviços executa schedule diário de atualização da base, mantém dashboard de desempenho (entradas, backlog, idade) e dispara notificações de status para clientes uma vez ao dia, com possibilidade de ativação manual imediata quando necessário. Em Contratos, o schedule atualiza a base duas vezes ao dia, há dashboard de indicadores contratuais e um portal de gerenciamento de contratos em aberto com geração automática de contratos a partir de templates e metadados. O módulo de Relatórios e Indicadores consolida uma visão executiva em dashboard geral do departamento e oferece upload centralizado e padronizado para as três unidades, com validação de layout e versionamento. Em MMGD, o portal apresenta dashboard de indicadores específicos, automatiza o envio de notificações de atendimento às listas de rateio solicitadas pelos clientes e mantém schedule de atualização da base de clientes de mini e microgeração. Já em Mercado Livre, o sistema executa schedule de atualização da base de clientes, disponibiliza dashboard de pipeline e performance e realiza a automação de cadastro de clientes que solicitam migração no Portal da Medição, garantindo validações de integridade e retorno de status. Em todos os módulos, todas as interações do usuário — como inclusões, alterações, consultas sensíveis, disparos manuais e publicações — são registradas em logs de atividades com carimbo de data e hora, usuário, ação e parâmetros críticos, assegurando resguardo, histórico e conformidade para auditoria, análise e recuperação operacional.;"O Origo consolidou-se como uma plataforma operacional integrada capaz de unificar automações, dados, indicadores e governança em um único ambiente. A padronização dos fluxos — Relacionamento, Obras, Serviços, Contratos*, Relatórios/Indicadores, MMGD e Mercado Livre — reduziu ruídos entre unidades, eliminou retrabalho manual e aumentou a previsibilidade na atualização das bases. Os schedules configurados em diferentes frequências (semanal, diária e duas vezes ao dia) garantiram cadência estável de processamento, permitindo diagnósticos rápidos de falhas, alta confiabilidade e menor dependência de intervenções ad hoc. A centralização dos dashboards acelerou análises executivas e operacionais, enquanto a trilha de auditoria trouxe segurança, rastreabilidade e conformidade para todas as ações.
O conjunto das automações resultou em maior eficiência operacional, melhor qualidade nas entregas, experiência aprimorada para usuários internos/externos e redução significativa no tempo total de processamento e respostas.* Os módulos de Contratos e Gestão de Perfil não integraram o escopo inicial de produção devido ao acatamento parcial do projeto.";"Escopo modular reduz riscos: a implementação faseada permitiu estabilizar componentes críticos antes de avançar para funcionalidades mais sensíveis, evitando sobrecarga operacional.
Governança e logs são diferenciais estratégicos: a rastreabilidade completa demonstrou-se essencial para auditoria, suporte e recuperação operacional, reduzindo incertezas e facilitando análises pós-incidente.
Cadência de atualização é mais valiosa que volume de entregas: schedules estáveis, combinados com monitoramento diário, mantiveram o fluxo operacional íntegro e diminuíram falhas silenciosas.
Colaboração entre unidades é determinante: a consolidação de requisitos das três unidades alinhou expectativas e padronizou interpretações, evitando divergências que antes surgiam em processos paralelos.
Documentação viva evita perda de conhecimento: a atualização contínua do changelog e dos materiais técnicos garantiu que evoluções fossem absorvidas sem ruptura, mantendo a equipe sincronizada."
2;10;SmartEnergy+#7118;"Ao final da etapa de prototipação, será apresentada uma régua de comunicação. Utilizando a régua será possível encaminhar mensagem para os clientes sempre que seu consumo de energia apresentar variações em relação à média mensal da residência (avaliadas em percentuais e considerando sazonalidade).

Cada comunicação incluirá:
- Insights para incentivar o uso mais consciente de energia;
- Uma pesquisa de satisfação;
- Um espaço para sugestões de melhoria";"Ao final da etapa de prototipação, será apresentada uma régua de comunicação. Utilizando a régua será possível encaminhar mensagem para os clientes sempre que seu consumo de energia apresentar variações em relação à média mensal da residência (avaliadas em percentuais e considerando sazonalidade).

Cada comunicação incluirá:
- Insights para incentivar o uso mais consciente de energia;
- Uma pesquisa de satisfação;
- Um espaço para sugestões de melhoria";"O projeto SmartEnergy+ foi desenvolvido com foco na comunicação com os clientes externos da Neoenergia. Para a realização dos testes e viabilização dos resultados, foram utilizados recursos como o Copilot e a plataforma LinkedIn Learning, que auxiliaram tanto no desenvolvimento técnico quanto no aprimoramento do conhecimento ao longo do projeto.
Para atender ao fluxo proposto, foram empregadas ferramentas como Visual Studio Code, Microsoft Azure, Copilot, além do Excel e Word para registro e documentação das informações. A estrutura do projeto contou com o uso de Python para a geração de dados iniciais, técnicas de Machine Learning para análise desses dados sintéticos e, por fim, o envio de mensagens aos grupos por meio do Power Automate.
Em resumo, apesar dos impedimentos relacionados à conectividade e às limitações da infraestrutura de rede, os testes foram considerados bem-sucedidos, demonstrando a viabilidade técnica e funcional da solução proposta.";"Durante a primeira etapa do projeto, foi necessário adquirir conhecimentos relacionados à estruturação de código e à adaptação dos resultados gerados, garantindo que as saídas estivessem organizadas e adequadas aos objetivos propostos.
Na segunda etapa, tornou-se essencial o aprofundamento em Aprendizado de Máquina (Machine Learning), a fim de compreender técnicas de análise e interpretação dos dados, bem como a aplicação adequada dos modelos aos dados sintéticos utilizados no projeto.
Por fim, na etapa final, houve a necessidade de buscar conhecimentos em automação de processos, especialmente com o uso do Power Automate. Essa etapa se mostrou fundamental devido a impedimentos relacionados ao contato via WhatsApp, o que exigiu a realização de pesquisas e a definição de fluxos alternativos de comunicação para viabilizar a entrega dos resultados."
2;11;IA Especializada para Suporte Regulatório#7228;Uma solução de Inteligência Artificial treinada com resoluções vigentes, PRODIST, normativos internos e histórico de respostas regulatórias, capaz de interpretar normas, apoiar análises técnicas e gerar minutas iniciais com citações rastreáveis. O entregável final inclui modelo de IA operacional, interface de uso para usuários, pipeline de dados contínuo, mecanismos de governança e auditoria, oferecendo precisão, padronização e agilidade ao processo regulatório.;Uma solução de Inteligência Artificial treinada com resoluções vigentes, PRODIST, normativos internos e histórico de respostas regulatórias, capaz de interpretar normas, apoiar análises técnicas e gerar minutas iniciais com citações rastreáveis. O entregável final inclui modelo de IA operacional, interface de uso para usuários, pipeline de dados contínuo, mecanismos de governança e auditoria, oferecendo precisão, padronização e agilidade ao processo regulatório.;"Na etapa inicial do projeto, foi realizada a prototipação com foco na avaliação preliminar do uso de Inteligência Artificial. Embora o planejamento contemplasse três etapas, foi possível desenvolver apenas a primeira, devido à limitação de acesso às ferramentas e licenças necessárias para as fases de construção e treinamento da IA.
Ainda assim, foram conduzidos testes utilizando a versão básica do Copilot, permitindo analisar seu desempenho em consultas relacionadas ao contexto regulatório. Observou-se que, com o refinamento dos comandos e a restrição das bases de consulta (por meio do uso de documentos específicos), a ferramenta passa a apresentar respostas mais próximas do esperado. Sem esse direcionamento, há maior risco de geração de respostas imprecisas ou sem respaldo regulatório.
Adicionalmente, foi realizado um teste comparativo entre respostas geradas pela IA e respostas técnicas previamente estruturadas. Esse teste evidenciou que a IA possui boa capacidade de aproximação conceitual, porém ainda apresenta limitações quanto à precisão normativa, podendo omitir fundamentos legais, simplificar análises e, em alguns casos, antecipar conclusões que exigiriam validação mais criteriosa.
Esse cenário reforça que, embora a IA seja útil como ferramenta de apoio inicial, o objetivo do projeto deve evoluir para o treinamento estruturado da solução — seja por meio de licenças mais avançadas do Copilot ou pela adoção de outra ferramenta que permita maior controle sobre os dados e o comportamento da IA.";"- A disponibilidade de ferramentas e licenças é um fator crítico para o avanço do projeto;
- O treinamento da IA com dados internos é essencial para garantir maior precisão e aderência;
- A qualidade dos resultados está diretamente relacionada à forma de elaboração dos prompts;
- A IA apresenta boa aderência conceitual, mas limitações na aplicação normativa e no nível de detalhamento;
- Testes iniciais, mesmo com escopo restrito e uso de documentos específicos, são importantes para validar o potencial e as limitações da solução;
- A evolução do projeto depende da implementação de um ambiente que permita treinamento e maior governança das respostas geradas."
2;12;Biblioteca Digital#7103;Como entregável final da etapa de prototipação, será apresentado o layout do site que será desenvolvido no SharePoint, demonstrando, de forma visual, a disposição da estrutura e a organização das abas e pastas da Biblioteca Digital. Essa entrega permitirá à área compreender a proposta de organização e fornecer feedback para eventuais ajustes, de acordo com as necessidades de cada usuário.;Como entregável final da etapa de prototipação, será apresentado o layout do site que será desenvolvido no SharePoint, demonstrando, de forma visual, a disposição da estrutura e a organização das abas e pastas da Biblioteca Digital. Essa entrega permitirá à área compreender a proposta de organização e fornecer feedback para eventuais ajustes, de acordo com as necessidades de cada usuário.;Nessa etapa da biblioteca, foram mapeados e planilhados mais de 700 documentos, somando as pastas de Julho de 2024 à Maio de 2026. Foram inseridos aproximadamente 100 documentos do ano de 2026, em suas respectivas pastas e separados por segmentos e temas baseados nos sites das distribuidoras. A biblioteca já está sendo utilizada pela área e sendo alimentada semanalmente com as comunicações que estamos enviando durante os dias.;"Antes da escolha da plataforma SharePoint para fazer a biblioteca, fiz uma pesquisa para entender qual aplicativo da Microsoft melhor se encaixaria com o que estava sendo proposto. Fiz cursos para entender a plataforma e dialoguei com pessoas de diversas áreas para saber como poderia realizar meu projeto dentro dela. Estudei possibilidades de melhorias futuras para facilitar a inserção dos documentos.
Essa etapa inicial foi importante pois me colocou em contato com pessoas de diversas áreas e com visões diferentes, que ajudaram a compreender as aplicações e enxergar melhorias que o meu projeto fará para minha própria área nesse momento."
3;1;Sistema Inteligente de Banco de Consultas Regulatórias (FAQ Estruturado por Temas e Microtemas)#7232;Um sistema funcional de consultas regulatórias estruturado por macrotemas e microtemas, permitindo que os usuários encontrem rapidamente respostas já emitidas pela área de Regulação, com interface intuitiva, base de dados organizada, curadoria ativa e capacidade de expansão para novos temas. O entregável final disponibiliza um repositório navegável, padronizado e atualizado, reduzindo retrabalho e garantindo maior autonomia das áreas internas.;Um sistema funcional de consultas regulatórias estruturado por macrotemas e microtemas, permitindo que os usuários encontrem rapidamente respostas já emitidas pela área de Regulação, com interface intuitiva, base de dados organizada, curadoria ativa e capacidade de expansão para novos temas. O entregável final disponibiliza um repositório navegável, padronizado e atualizado, reduzindo retrabalho e garantindo maior autonomia das áreas internas.;"Na etapa inicial do projeto, foram utilizadas duas fontes de dados principais para construção e validação do painel em BI.
A primeira base de dados é composta pelas informações de perguntas, temas e subtemas, oriundas de um formulário eletrônico (Forms), utilizado pelas demais áreas da empresa para envio de dúvidas à área de regulação. Essa base representa a entrada estruturada das demandas.
A segunda base contém as respectivas respostas às dúvidas cadastradas. Para esta fase inicial de testes, essa base foi construída de forma manual, com o objetivo de validar a estrutura do painel e o relacionamento entre os dados. Está prevista, como evolução do projeto, a automatização dessa coleta e consolidação de respostas.
Após o tratamento e padronização das duas planilhas, foi possível integrá-las no ambiente de BI, estabelecendo o relacionamento entre perguntas e respostas. Como resultado, o painel desenvolvido permite:

A visualização estruturada das dúvidas e suas respectivas respostas;
A filtragem por temas e subtemas, incluindo a seleção simultânea de múltiplas opções;
A realização de buscas rápidas por palavras-chave, tanto no campo de perguntas quanto no de respostas.

Essas funcionalidades possibilitam uma navegação mais eficiente pelas informações, otimizando o acesso ao conhecimento já produzido pela área de regulação e apoiando a tomada de decisão.";"Lições Aprendidas e Próximos Passos
Durante a execução da etapa inicial, foram identificadas oportunidades de melhoria e automação dos processos, que não faziam parte do escopo original, mas que podem potencializar significativamente a eficiência da solução. Destacam-se:
Automação de processos:

Automatização da coleta de respostas diretamente do e-mail para a planilha;
Implementação de fluxo contínuo para atualização automática das respostas recebidas;
Criação de fluxo automatizado para ingestão das consultas provenientes do Forms;
Integração de consultas anteriores armazenadas em pastas ao banco atual.

Evolução do BI:

Inclusão de links diretos no BI para facilitar a navegação;
Disponibilização de acesso ao e-mail original (armazenado em pasta) para consulta completa;
Restrição ou tratamento diferenciado para perguntas sem resposta.

Boas práticas de dados:

Utilização de planilhas hospedadas como link web no BI, evitando problemas de atualização/localização de arquivos, conforme identificado durante os testes."
3;2;Do Dado à Decisão: Uma Nova Visão com BSC Integrado#5897;"Descrição do Entregável Final Planejado (Piloto Concluído)

Portal BSC Integrado  
- Acesso interno com perfis segmentados por área.  
- Painéis de controle por superintendência, apresentando:  
  - Perspectivas e metas versus resultados alcançados.  
  - Tendências e indicadores visuais (semáforos).  

Visão Executiva Consolidada
- Análise dos principais desvios e planos críticos.  
- Mapa de correlações para facilitar a interpretação dos dados.  

Exploração de KPI  
- Definição clara de indicadores-chave de desempenho (KPIs), incluindo:  
  - Cálculo, fontes de dados e histórico de desempenho.  

Automação de Dados  
- Implementação de pipelines ETL em produção com agendamentos regulares.  
- Sistema de logs e monitoramento para identificação e resolução de falhas.  

Módulo de Planos de Ação  
- Registro detalhado de planos de ação, incluindo:  
  - Responsável (owner), prazos, custos e potenciais ganhos.  
  - Vínculo direto com KPIs e alertas, além de acompanhamento de status e envelhecimento (aging).  

Relatório Executivo  
- Apresentação dos resultados do piloto, destacando:  
  - Ganhos em eficiência e qualidade.  
  - Lições aprendidas e um roadmap para escalabilidade futura.  

Guia de Governança  
- Dicionário de dados para padronização de terminologias.  
- Definição de papéis e responsabilidades.  
- Estrutura para o ciclo de melhoria contínua.";"Descrição do Entregável Final Planejado (Piloto Concluído)

Portal BSC Integrado  
- Acesso interno com perfis segmentados por área.  
- Painéis de controle por superintendência, apresentando:  
  - Perspectivas e metas versus resultados alcançados.  
  - Tendências e indicadores visuais (semáforos).  

Visão Executiva Consolidada
- Análise dos principais desvios e planos críticos.  
- Mapa de correlações para facilitar a interpretação dos dados.  

Exploração de KPI  
- Definição clara de indicadores-chave de desempenho (KPIs), incluindo:  
  - Cálculo, fontes de dados e histórico de desempenho.  

Automação de Dados  
- Implementação de pipelines ETL em produção com agendamentos regulares.  
- Sistema de logs e monitoramento para identificação e resolução de falhas.  

Módulo de Planos de Ação  
- Registro detalhado de planos de ação, incluindo:  
  - Responsável (owner), prazos, custos e potenciais ganhos.  
  - Vínculo direto com KPIs e alertas, além de acompanhamento de status e envelhecimento (aging).  

Relatório Executivo  
- Apresentação dos resultados do piloto, destacando:  
  - Ganhos em eficiência e qualidade.  
  - Lições aprendidas e um roadmap para escalabilidade futura.  

Guia de Governança  
- Dicionário de dados para padronização de terminologias.  
- Definição de papéis e responsabilidades.  
- Estrutura para o ciclo de melhoria contínua.";"Protótipo do material previamente compartilhado com o time de liderança da Superintendência, construído para suportar o monitoramento estruturado dos indicadores do GRD 2026. 
A solução foi desenvolvida com foco em rastreabilidade, padronização e análise comparativa, permitindo a visualização consolidada da evolução dos indicadores, a identificação de desvios frente às metas estabelecidas e a hierarquização do desempenho das unidades por meio de ranking. 
O material viabiliza uma leitura analítica e orientada a dados, subsidiando a tomada de decisão com maior precisão, por parte da alta liderança.";"Clareza visual é tão importante quanto a qualidade do dado
Mesmo com dados robustos, a eficácia do material depende de uma apresentação simples, intuitiva e de fácil leitura pela liderança. Redução de poluição visual e priorização de insights são essenciais.
Padronização garante comparabilidade
Definições claras de indicadores, formatos e critérios de cálculo são fundamentais para permitir análise consistente entre unidades e evitar interpretações divergentes.
Destaque para desvios e exceções
Mais importante do que mostrar todos os dados é evidenciar rapidamente onde estão os problemas (gaps vs meta), facilitando a tomada de decisão.
Evolução temporal agrega valor
Análises estáticas têm menos impacto. A visualização de tendências (evolução ao longo do tempo) melhora significativamente a capacidade de diagnóstico.
Ranking como ferramenta de gestão
A comparação entre unidades (benchmarking) gera engajamento, competitividade saudável e direciona esforços para as unidades críticas.
Iteração com stakeholders melhora a aderência
O envolvimento contínuo da liderança e áreas correlatas ao longo da construção aumenta a assertividade do material e reduz retrabalho.
Equilíbrio entre profundidade e objetividade
É necessário encontrar o ponto ideal entre detalhamento analítico e simplicidade executiva — excesso de informação pode comprometer a tomada de decisão.
Storytelling orientado a dados faz diferença
Não basta apresentar números — o material precisa “contar uma história”, conectando desempenho, causas e possíveis ações."
3;3;H2Maps – Plataforma de Georreferenciamento para Hidrogênio Verde#5611;O entregável final da prototipação consiste em uma solução web interativa que possibilita a visualização, análise e planejamento da produção de hidrogênio verde. Esta plataforma será fundamentada na produção de energia sustentável, integrando dados climáticos, geográficos e preditivos para oferecer recomendações estratégicas. Além disso, a solução contemplará uma análise detalhada da demanda e dos custos envolvidos, visando otimizar a eficiência e a viabilidade econômica do processo.;O entregável final da prototipação consiste em uma solução web interativa que possibilita a visualização, análise e planejamento da produção de hidrogênio verde. Esta plataforma será fundamentada na produção de energia sustentável, integrando dados climáticos, geográficos e preditivos para oferecer recomendações estratégicas. Além disso, a solução contemplará uma análise detalhada da demanda e dos custos envolvidos, visando otimizar a eficiência e a viabilidade econômica do processo.;"1. Planejamento e Preparação
O escopo de testes foi definido considerando módulos-chave do H2Maps, como mapas interativos, análises climáticas, cálculos de viabilidade e projeções. O ambiente de testes foi configurado corretamente e os riscos foram mapeados, garantindo uma execução organizada.
2. Testes Unitários
Os componentes internos responsáveis pelos cálculos energéticos, projeções de hidrogênio verde e estimativas financeiras foram validados individualmente. Pequenas inconsistências foram corrigidas e a automação contribuiu para boa cobertura de código.
3. Testes Funcionais e de UI
Os fluxos principais da aplicação — visualização do mapa, camadas, buscas, análises e responsividade — funcionaram como esperado. A interface mostrou boa estabilidade e experiência adequada ao usuário.
Usuários validaram cenários reais envolvendo análises energéticas e projeções financeiras.
Conclusão Geral
O H2Maps apresentou um bom desempenho geral. Os testes foram bem-sucedidos e o sistema está pronto para seguir para as próximas fases.";"Durante o processo de prototipação do H2Maps, algumas lições importantes foram identificadas e contribuíram diretamente para a melhoria do produto e do fluxo de trabalho.
1. Validar cedo faz diferença
Os testes feitos logo após a criação de cada funcionalidade ajudaram a encontrar ajustes rapidamente. Isso evitou retrabalho e permitiu uma evolução mais rápida do protótipo.
2. Escopo claro facilita tudo
Definir desde o início quais funcionalidades seriam priorizadas — como mapas, análises climáticas e cálculos de viabilidade — tornou o processo mais organizado e eficiente.
3. Visualizar o protótipo revela oportunidades
Ao ver as telas e funcionalidades funcionando, foi possível identificar pontos de melhoria, simplificações necessárias e novas ideias para versões futuras.
4. Feedback dos usuários é indispensável
Os testes com usuários reais mostraram o que precisava ser ajustado na experiência, como clareza das informações e pequenos detalhes visuais.
5. Documentar ajuda a evoluir
Registrar evidências, comentários e ajustes facilitou o acompanhamento e a continuidade do desenvolvimento sem perda de informações importantes."
3;4;NeoView - Central de Relatórios#6166;"O ""NeoView"" é a materialização de uma ideia simples e poderosa: transformar a busca por relatórios, dashboards e documentos em uma experiência rápida e inteligente, capaz de refletir a realidade operacional da Neoenergia e, ao mesmo tempo, aprender com o uso dos próprios colaboradores. Em um único ambiente, o NeoView organiza conteúdos que hoje vivem dispersos em pastas, sistemas e links, organizado a partir da hierarquia da companhia com às superintendências, passando pelas gerências até chegar às unidades, para que cada pessoa encontre exatamente o relatório certo. O diferencial mais inovador é a inteligência de engajamento: indicadores de visualizações, curtidas e comentários mostram o que é mais acessado, valorizado e discutido, permitindo que líderes e equipes priorizem manutenção, descontinuem redundâncias, direcionem treinamentos e planejem novos conteúdos com base em evidências reais de uso.

Essa visão é sustentada por uma base técnica moderna, pensada para escalar e evoluir com o negócio. No frontend, o NeoView utiliza React 18 com TypeScript, estilização com Tailwind CSS e componentes shadcn/ui, roteamento com React Router DOM e orquestração de dados via TanStack Query, garantindo uma interface responsiva, consistente e ágil em desktop, tablet e mobile, com tema claro/escuro e navegação por breadcrumbs para dar contexto. A arquitetura de componentes como cartões de empresa, cartões hierárquicos, cartões de indicadores e o módulo de busca global compõe páginas de landing, dashboard e login de forma modular, facilitando evolução e personalização por área.

Para tornar a descoberta de informação mais inteligente, o NeoView incorporará uma camada de IA com busca vetorizada e RAG (Retrieval‑Augmented Generation). O conteúdo dos relatórios e documentos é fragmentado e convertido em embeddings em um espaço multidimensional; esses vetores são armazenados em um banco de dados no Hana, permitindo consultas por similaridade semântica que entendem intenção e contexto, não apenas palavras‑chave exatas. Quando o usuário digita uma pergunta em linguagem natural, o sistema gera o vetor correspondente, calcula a similaridade (por exemplo, via cosseno) e recupera os trechos mais relevantes para compor respostas contextualizadas com apoio de um modelo de linguagem. O resultado é uma busca mais tolerante a variações e erros, que descobre relações entre temas e reduz o caminho até a informação certa. Em termos práticos, isso habilita perguntas como “quais relatórios de perdas tiveram maior recorrência de acesso nas unidades X e Y no último trimestre?”, retornando não só os documentos, mas também um sumário com insights acionáveis.

A camada de engajamento se integra a esse pipeline: eventos de visualização, curtida e comentário são registrados com carimbo de data e associação à distribuidora, superintendência, gerência e unidade, permitindo cálculos de recorrência, rankings por período e mapas de adoção. Painéis internos mostram os relatórios mais visualizados, mais curtidos e mais comentados, além de tendências e oportunidades de melhoria. Tudo isso é operado com governança: versionamento e revisão periódica de conteúdos, moderação de comentários com foco técnico, perfis e permissões por área, rastreabilidade de acessos e tratamento responsável das métricas de uso em linha com diretrizes corporativas e privacidade. 

O NeoView foi planejado para crescer por fases: autenticação corporativa com SSO; expansão da IA e da busca vetorizada; dashboards dinâmicos e personalizáveis; alertas em tempo real para mudanças em KPIs; e aplicativos mobile. Ao longo do caminho, integrações com SAP, Power BI e outras APIs consolidam o catálogo e automatizam a atualização de indicadores, enquanto temas e configurações por empresa mantêm identidade visual e necessidades específicas. Em suma, o NeoView une centralização e navegação por hierarquia com inteligência de uso e de conteúdo, apoiadas por uma arquitetura moderna e escalável. O resultado é mais velocidade, transparência e foco naquilo que realmente gera impacto, uma plataforma que reduz o tempo de busca, eleva a qualidade do acesso à informação e transforma dados dispersos em conhecimento aplicável para decisões melhores no dia a dia.";"O ""NeoView"" é a materialização de uma ideia simples e poderosa: transformar a busca por relatórios, dashboards e documentos em uma experiência rápida e inteligente, capaz de refletir a realidade operacional da Neoenergia e, ao mesmo tempo, aprender com o uso dos próprios colaboradores. Em um único ambiente, o NeoView organiza conteúdos que hoje vivem dispersos em pastas, sistemas e links, organizado a partir da hierarquia da companhia com às superintendências, passando pelas gerências até chegar às unidades, para que cada pessoa encontre exatamente o relatório certo. O diferencial mais inovador é a inteligência de engajamento: indicadores de visualizações, curtidas e comentários mostram o que é mais acessado, valorizado e discutido, permitindo que líderes e equipes priorizem manutenção, descontinuem redundâncias, direcionem treinamentos e planejem novos conteúdos com base em evidências reais de uso.

Essa visão é sustentada por uma base técnica moderna, pensada para escalar e evoluir com o negócio. No frontend, o NeoView utiliza React 18 com TypeScript, estilização com Tailwind CSS e componentes shadcn/ui, roteamento com React Router DOM e orquestração de dados via TanStack Query, garantindo uma interface responsiva, consistente e ágil em desktop, tablet e mobile, com tema claro/escuro e navegação por breadcrumbs para dar contexto. A arquitetura de componentes como cartões de empresa, cartões hierárquicos, cartões de indicadores e o módulo de busca global compõe páginas de landing, dashboard e login de forma modular, facilitando evolução e personalização por área.

Para tornar a descoberta de informação mais inteligente, o NeoView incorporará uma camada de IA com busca vetorizada e RAG (Retrieval‑Augmented Generation). O conteúdo dos relatórios e documentos é fragmentado e convertido em embeddings em um espaço multidimensional; esses vetores são armazenados em um banco de dados no Hana, permitindo consultas por similaridade semântica que entendem intenção e contexto, não apenas palavras‑chave exatas. Quando o usuário digita uma pergunta em linguagem natural, o sistema gera o vetor correspondente, calcula a similaridade (por exemplo, via cosseno) e recupera os trechos mais relevantes para compor respostas contextualizadas com apoio de um modelo de linguagem. O resultado é uma busca mais tolerante a variações e erros, que descobre relações entre temas e reduz o caminho até a informação certa. Em termos práticos, isso habilita perguntas como “quais relatórios de perdas tiveram maior recorrência de acesso nas unidades X e Y no último trimestre?”, retornando não só os documentos, mas também um sumário com insights acionáveis.

A camada de engajamento se integra a esse pipeline: eventos de visualização, curtida e comentário são registrados com carimbo de data e associação à distribuidora, superintendência, gerência e unidade, permitindo cálculos de recorrência, rankings por período e mapas de adoção. Painéis internos mostram os relatórios mais visualizados, mais curtidos e mais comentados, além de tendências e oportunidades de melhoria. Tudo isso é operado com governança: versionamento e revisão periódica de conteúdos, moderação de comentários com foco técnico, perfis e permissões por área, rastreabilidade de acessos e tratamento responsável das métricas de uso em linha com diretrizes corporativas e privacidade. 

O NeoView foi planejado para crescer por fases: autenticação corporativa com SSO; expansão da IA e da busca vetorizada; dashboards dinâmicos e personalizáveis; alertas em tempo real para mudanças em KPIs; e aplicativos mobile. Ao longo do caminho, integrações com SAP, Power BI e outras APIs consolidam o catálogo e automatizam a atualização de indicadores, enquanto temas e configurações por empresa mantêm identidade visual e necessidades específicas. Em suma, o NeoView une centralização e navegação por hierarquia com inteligência de uso e de conteúdo, apoiadas por uma arquitetura moderna e escalável. O resultado é mais velocidade, transparência e foco naquilo que realmente gera impacto, uma plataforma que reduz o tempo de busca, eleva a qualidade do acesso à informação e transforma dados dispersos em conhecimento aplicável para decisões melhores no dia a dia.";"Do ponto de vista técnico, o projeto demonstrou estabilidade funcional com build do frontend e backend concluídos, testes automatizados do backend aprovados e ausência de erros de editor nas alterações validadas ao longo da implantação incremental. Do ponto de vista de negócio, os principais fluxos críticos foram preservados: autenticação por matrícula U ou e-mail, navegação por hierarquia organizacional, fila de aprovações, exclusão definitiva de relatórios sem vazamento para dashboard, busca ou chatbot, além da manutenção do fluxo de compartilhamento local e operação com SQLite nesta branch.

O resultado mais relevante para a empresa é que a solução não apenas funciona, mas responde a dores reais da operação: redução do tempo para localizar informação, melhor visibilidade sobre aprovações pendentes, maior rastreabilidade sobre decisões e capacidade de identificar conteúdos mais úteis por sinais de engajamento. Isso mostra aderência prática ao cenário de uso corporativo, e não apenas conformidade técnica.

Detalhamento de resultados:

O NeoView consolidou, em uma única plataforma, regras de negócio que antes estavam pulverizadas em vários pontos do processo. A organização dos relatórios por empresa, superintendência, gerência e unidade tornou a navegação mais aderente à realidade operacional da Neoenergia, respeitando a forma como as áreas consomem e interpretam informação no dia a dia. Essa hierarquia não é apenas visual: ela orienta permissões, busca, aprovação, compartilhamento e leitura de contexto.

Na camada operacional, o projeto entregou ganhos concretos para a governança. A fila de aprovação passou a oferecer visibilidade mais clara sobre itens pendentes, histórico de decisão e contexto do caminho de publicação, o que fortalece accountability e reduz risco de publicação indevida. A manutenção das regras de exclusão definitiva também foi importante, porque evita que relatórios removidos continuem aparecendo em painéis, mecanismos de busca ou chatbot, o que teria impacto direto na confiabilidade da informação usada pela empresa.

Na experiência do usuário, houve avanço relevante na forma de exploração do Workspace. A adoção de seções expansíveis com busca própria, histórico de decisões com scroll e filtros, além do refinamento do monitoramento de backend, tornou a navegação mais objetiva e menos ruidosa. Em termos corporativos, isso significa menos fricção para gestores, analistas e aprovadores, aumentando velocidade de resposta e diminuindo perda de tempo com interfaces pouco orientadas à ação.

Também houve resultado importante em resiliência. Os ajustes em health check, watchdog, retry, fallback e polling reduziram a percepção de instabilidade quando o usuário troca de abas ou quando o backend sofre oscilação. Para a empresa, isso tem impacto direto: menos interrupção de fluxo, menos insegurança sobre o estado do sistema e maior confiança para uso cotidiano.

Por fim, a base evoluiu de forma coerente com a estratégia do produto. Mesmo nesta fase, já existe sustentação para uma visão mais ampla de inteligência de uso: relatórios mais acessados, mais curtidos, mais comentados e mais relevantes por contexto operacional. Isso cria base real para priorização de manutenção, revisão de conteúdo, treinamento de equipes e futura evolução com IA e busca semântica.";"Regras de negócio precisam ser tratadas como parte central da arquitetura, não como detalhe de interface. No NeoView, permissões, hierarquia organizacional, aprovação e exclusão definitiva impactam diretamente a confiança da empresa na plataforma.

Em ambiente corporativo, estabilidade percebida vale tanto quanto estabilidade técnica. Mesmo pequenas oscilações de backend afetam a credibilidade do sistema quando o usuário depende dele para aprovar, consultar ou compartilhar relatórios.

Projeções e cache ajudam performance, mas telas executivas exigem cuidado extra com atualidade da informação. Quando um dado de negócio aparece incompleto ou atrasado, o impacto é maior do que um simples erro visual, porque afeta tomada de decisão.

Busca eficiente não depende só de tecnologia de pesquisa, mas de contexto organizacional correto. A hierarquia por distribuidora, superintendência, gerência e unidade é decisiva para que o resultado encontrado seja útil de verdade.

Métricas de engajamento têm valor real para a empresa quando são interpretadas como instrumento de gestão. Visualizações, curtidas e comentários não servem apenas para ranking; eles orientam revisão de conteúdo, corte de redundância e priorização de investimento informacional.

UX em sistemas corporativos precisa favorecer ação rápida. Seções expansíveis, buscas locais, atalhos e histórico com leitura clara reduzem esforço cognitivo e aumentam produtividade operacional.

Entregas em fases curtas com validação contínua funcionaram melhor porque permitiram preservar fluxos existentes enquanto o produto amadurecia. Isso reduz risco de ruptura em processos internos já sensíveis.

Segurança e governança precisam nascer junto com a funcionalidade. Perfis, rastreabilidade, moderação, controle de exclusão e tratamento responsável de dados são parte do valor do produto, especialmente em contexto corporativo."
3;5;Padronização e Eficiência na Manutenção Preventiva#5903;"Aplicativo em Power Apps para planejamento e sincronização de planos de manutenção preventiva, integrado ao SAP, com base de dados automatizada, dashboards de acompanhamento e sistema de alertas.
O entregável inclui funcionalidades de consulta centralizada dos planos, sugestão de integração entre áreas, registro do status de sincronização, simulação de economia (HH e custo) e indicadores de desempenho, permitindo maior eficiência operacional, redução de riscos e economia de recursos.";"Aplicativo em Power Apps para planejamento e sincronização de planos de manutenção preventiva, integrado ao SAP, com base de dados automatizada, dashboards de acompanhamento e sistema de alertas.
O entregável inclui funcionalidades de consulta centralizada dos planos, sugestão de integração entre áreas, registro do status de sincronização, simulação de economia (HH e custo) e indicadores de desempenho, permitindo maior eficiência operacional, redução de riscos e economia de recursos.";o Resultado foi bem sucedido pois testamos com algumas manutenções e ajudou bastante a produtividade da equipe.;A uma necessidade de licença tanto do dataverse do power apps, como tambem da IA. para poder conseguir ler toda a base de dados.
3;6;"Cadastro Inteligente + Cashback Verde: A Nova Experiência Digital; Pagamentos Sustentáveis e Cadastro Digital em Um Só Lugar.#6569";Um protótipo funcional do módulo de cashback sustentáve, integrado ao aplicativojá existente na Neoenergia. O protótipo terá como objetivo simular a expriência do usuário, validar regrasde nego, fluxos de navegação e a proposta de valor do program, antes do desenvolvimento completo. Vamos inserir telas de saldo extrato e resgate,simulaçãode regras de acúmuloe resgate de Elekcoins, e comunicação do imapcto sustentável. Inclui conceitos de segurança e conformidad, álem de documentação de apoio permitindo validar usabilidade,adesão e viabilidade do programa.;Um protótipo funcional do módulo de cashback sustentáve, integrado ao aplicativojá existente na Neoenergia. O protótipo terá como objetivo simular a expriência do usuário, validar regrasde nego, fluxos de navegação e a proposta de valor do program, antes do desenvolvimento completo. Vamos inserir telas de saldo extrato e resgate,simulaçãode regras de acúmuloe resgate de Elekcoins, e comunicação do imapcto sustentável. Inclui conceitos de segurança e conformidad, álem de documentação de apoio permitindo validar usabilidade,adesão e viabilidade do programa.;Os testes realizados com o conceito do Elekcoins apresentaram resultados positivos. O modelo demonstrou viabilidade ao incentivar o pagamento de faturas via PIX, a atualização cadastral e a adesão à fatura digital por meio de recompensas em Elekcoins. compreensão clara da jornada do cliente (pague, ganhe e troque) e alinhamento com os objetivos estratégicos de redução de custos operacionais, aumento do engajamento digital e fortalecimento do relacionamento com o cliente. O piloto confirmou que o programa funciona como um incentivo eficaz para a regularização cadastral e a adimplência.;"Durante o processo de prototipação, foi possível identificar que incentivos simples, claros e diretamente vinculados a benefícios tangíveis podem aumentar significativamente o engajamento do cliente. Ficou claro que as vezes uma solução "" simples"" como pagamento em dia, uso do PIX e adesão à fatura digital, contribui tanto para a experiência do cliente quanto para a redução de custos operacionais da empresa. outro ponto foi a necessidade de uma comunicação objetiva, destacando o benefício financeiro e o impacto sustentável, para garantir o entendimento e a adesão ao programa."
3;7;Automação no Fluxo de Criação de Cadastro de Notas de Medição Gráfica#6136;O entregável final da prototipação será uma planilha totalmente integrada ao SIGO, plataforma utilizada para gerenciar e acompanhar as solicitações de medições gráficas, com o objetivo de otimizar o processo e aumentar sua confiabilidade.;O entregável final da prototipação será uma planilha totalmente integrada ao SIGO, plataforma utilizada para gerenciar e acompanhar as solicitações de medições gráficas, com o objetivo de otimizar o processo e aumentar sua confiabilidade.;A planilha conseguiu automatizar a rotina de criação e lançamento das notas de instalação e retirada de medição gráfica com sucesso, reduzindo o tempo necessário para lançamento e as possibilidades de erro humano em mais de 80%;Uso de SQL para integrar aplicações, Scripts são muito mais eficientes que trabalho manual, validação de erros é extremamente importante
3;8;Automação de processos no GMM com JavaScript#6452;"Conjunto de scripts JavaScript funcionais, testados e documentados, capazes de automatizar:
- Atualização de saldos
- Aplicação sequencial de valores ou percentuais
- Subtração de saldos
- Preenchimento automático da tela de faturamento (quando a inserção manual for necessária)

Características:
- Não envia dados para fora do ambiente
- Não realiza requisições externas
- Limita-se a automatizar ações que o operador já executaria manualmente

Itens do pacote final:
- Documentação de uso
- Vídeo demonstrativo curto
- Versão consolidada do código";"Conjunto de scripts JavaScript funcionais, testados e documentados, capazes de automatizar:
- Atualização de saldos
- Aplicação sequencial de valores ou percentuais
- Subtração de saldos
- Preenchimento automático da tela de faturamento (quando a inserção manual for necessária)

Características:
- Não envia dados para fora do ambiente
- Não realiza requisições externas
- Limita-se a automatizar ações que o operador já executaria manualmente

Itens do pacote final:
- Documentação de uso
- Vídeo demonstrativo curto
- Versão consolidada do código";A protótipo se mostrou funcional e possibilitou o ganho de tempo na execução das transferências de crédito;Consegui atuar na correção do código, melhorando e resumindo.
3;9;Hub Control Corp#6724;"O entregável final do projeto será o HUB Control Corp, uma plataforma digital desenvolvida no SharePoint que reunirá em um único ambiente os principais processos, informações e ferramentas da área de Controle Corporativo. O HUB permitirá que solicitações, como pedidos de transferência e criação de centros de custo, sejam realizadas por meio de formulários automatizados, eliminando a necessidade de trocas constantes de e-mails e garantindo maior agilidade e organização no atendimento. Além disso, contará com uma base de dados consolidada, reunindo informações de realizado e projeções por área, o que possibilitará o acompanhamento detalhado do orçamento e dará suporte às análises de gestão.

Os painéis interativos em Power BI, já desenvolvidos e integrados ao HUB, facilitarão a visualização do realizado versus orçamento e apoiarão a tomada de decisão com insights claros e dinâmicos. O ambiente também reunirá recursos essenciais, como manuais da área, cronograma do orçamento, lista de focais e consultores e o link para o portal de dados consolidados, oferecendo maior transparência e acessibilidade às informações.

Como visão de futuro, o HUB será preparado para receber o Control Bot, uma inteligência artificial capaz de responder dúvidas, direcionar solicitações e auxiliar na interpretação dos dados disponíveis. Essa evolução trará ainda mais autonomia e eficiência para as áreas, tornando o processo de gestão mais inteligente.

Com a entrega do HUB Control Corp, espera-se reduzir significativamente o volume de e-mails, centralizar informações de forma segura e acessível, melhorar a experiência dos usuários internos e transformar a atuação da área de Controle Corporativo, promovendo inovação, eficiência e inteligência na gestão.";"O entregável final do projeto será o HUB Control Corp, uma plataforma digital desenvolvida no SharePoint que reunirá em um único ambiente os principais processos, informações e ferramentas da área de Controle Corporativo. O HUB permitirá que solicitações, como pedidos de transferência e criação de centros de custo, sejam realizadas por meio de formulários automatizados, eliminando a necessidade de trocas constantes de e-mails e garantindo maior agilidade e organização no atendimento. Além disso, contará com uma base de dados consolidada, reunindo informações de realizado e projeções por área, o que possibilitará o acompanhamento detalhado do orçamento e dará suporte às análises de gestão.

Os painéis interativos em Power BI, já desenvolvidos e integrados ao HUB, facilitarão a visualização do realizado versus orçamento e apoiarão a tomada de decisão com insights claros e dinâmicos. O ambiente também reunirá recursos essenciais, como manuais da área, cronograma do orçamento, lista de focais e consultores e o link para o portal de dados consolidados, oferecendo maior transparência e acessibilidade às informações.

Como visão de futuro, o HUB será preparado para receber o Control Bot, uma inteligência artificial capaz de responder dúvidas, direcionar solicitações e auxiliar na interpretação dos dados disponíveis. Essa evolução trará ainda mais autonomia e eficiência para as áreas, tornando o processo de gestão mais inteligente.

Com a entrega do HUB Control Corp, espera-se reduzir significativamente o volume de e-mails, centralizar informações de forma segura e acessível, melhorar a experiência dos usuários internos e transformar a atuação da área de Controle Corporativo, promovendo inovação, eficiência e inteligência na gestão.";O Hub Control Corp já apresenta resultados relevantes ao centralizar, em um único ambiente, informações e processos essenciais da área. A ferramenta permite o acesso rápido a documentos como manuais de processos orçamentários, lista de focais e materiais explicativos sobre como realizar solicitações, aumentando a autonomia dos usuários. Além disso, possibilita o envio de solicitações de transferência orçamentária, aprovação Elektro e criação de centros de custo por meio de formulários automatizados, reduzindo a dependência de e-mails e trazendo mais agilidade. O Hub também oferece acesso à base de dados consolidada e aos painéis em Power BI, viabilizando a visualização do realizado versus orçamento e apoiando a tomada de decisão. Complementarmente, disponibiliza um calendário com datas importantes do orçamento e acesso ao Control Bot, ferramenta de Inteligência Artificial que se encontra em fase inicial de desenvolvimento e aguarda liberação corporativa para uso pleno, reforçando a visão de inovação e evolução contínua da gestão.;O processo de prototipação do Hub Control Corp trouxe aprendizados importantes, principalmente por ser o primeiro contato com o SharePoint e com a criação de um agente de Inteligência Artificial. A experiência mostrou a importância de aprender na prática, começando com soluções simples e evoluindo de forma gradual. Também ficou clara a necessidade de planejamento, testes constantes e atenção às regras de governança e segurança. Por fim, o processo reforçou o valor da experimentação e da autonomia na construção de soluções inovadoras e alinhadas às necessidades do negócio.
3;10;Inteligência para Tratamento de Dados e Planejamento do Sistema Elétrico#7176;"O projeto entregará uma plataforma integrada para análise de dados de energia, composta por quatro etapas principais. A primeira etapa consiste na coleta e integração de informações provenientes de diferentes fontes, como SCADA, medidores inteligentes, bancos de dados e planilhas, reunidas em um repositório centralizado em SQLite. Em seguida, ocorre o tratamento e a organização dos dados, utilizando bibliotecas Python como Pandas, Selenium e PyAutoGUI para limpeza, padronização e automação, garantindo consistência e confiabilidade das informações. Na terceira etapa, serão aplicados modelos de machine learning desenvolvidos em PyTorch para previsão de consumo e detecção de anomalias, permitindo identificar padrões históricos e gerar insights preditivos. Por fim, a quarta etapa contempla a visualização e o suporte à decisão, com gráficos elaborados em Matplotlib e interpretação assistida pelo Copilot, que fornecerá comparações de cenários e recomendações estratégicas alinhadas às necessidades de investimento e gestão.
O resultado final será uma plataforma funcional capaz de automatizar a coleta, o tratamento e a análise de dados de energia, oferecer previsões precisas de consumo, emitir alertas de anomalias, disponibilizar visualizações dinâmicas para acompanhamento em tempo real e apoiar a tomada de decisão por meio de análises consultivas.
O resultado final será uma plataforma funcional capaz de automatizar a coleta, o tratamento e a análise de dados de energia, fornecer previsões precisas de consumo, emitir alertas de anomalias, disponibilizar dashboards visuais para acompanhamento em tempo real e apoiar a tomada de decisão por meio de análises consultivas.";"O projeto entregará uma plataforma integrada para análise de dados de energia, composta por quatro etapas principais. A primeira etapa consiste na coleta e integração de informações provenientes de diferentes fontes, como SCADA, medidores inteligentes, bancos de dados e planilhas, reunidas em um repositório centralizado em SQLite. Em seguida, ocorre o tratamento e a organização dos dados, utilizando bibliotecas Python como Pandas, Selenium e PyAutoGUI para limpeza, padronização e automação, garantindo consistência e confiabilidade das informações. Na terceira etapa, serão aplicados modelos de machine learning desenvolvidos em PyTorch para previsão de consumo e detecção de anomalias, permitindo identificar padrões históricos e gerar insights preditivos. Por fim, a quarta etapa contempla a visualização e o suporte à decisão, com gráficos elaborados em Matplotlib e interpretação assistida pelo Copilot, que fornecerá comparações de cenários e recomendações estratégicas alinhadas às necessidades de investimento e gestão.
O resultado final será uma plataforma funcional capaz de automatizar a coleta, o tratamento e a análise de dados de energia, oferecer previsões precisas de consumo, emitir alertas de anomalias, disponibilizar visualizações dinâmicas para acompanhamento em tempo real e apoiar a tomada de decisão por meio de análises consultivas.
O resultado final será uma plataforma funcional capaz de automatizar a coleta, o tratamento e a análise de dados de energia, fornecer previsões precisas de consumo, emitir alertas de anomalias, disponibilizar dashboards visuais para acompanhamento em tempo real e apoiar a tomada de decisão por meio de análises consultivas.";Nos testes internos, a plataforma demonstrou funcionamento consistente em todo o fluxo: carregamento e integração de dados (Excel e/ou PIM), tratamento e padronização com validação de tipos e datas, aplicação de cálculos elétricos (P, Q, S e FP) e construção de equações, além de análises estatísticas para identificação de picos, percentis e ocorrências atípicas. As visualizações interativas responderam corretamente aos filtros temporais e de categorização, e as exportações apresentaram coerência com os dados exibidos. Não foram identificadas inconsistências durante os testes realizados até o momento, e estão previstos testes adicionais para ampliar a validação do protótipo, consolidando uma solução funcional e estável para suporte à análise e à tomada de decisão.;"Dados reais quase nunca vêm prontos: tratar datas, “-”, tipos e faltantes é parte central do trabalho.
Padronização cedo evita retrabalho: definir formato de colunas e unidades no início reduz erros no fim.
Validação contínua é melhor que validação no final: checar resultados a cada etapa evita efeito “bola de neve”.
Testes com cenários variados são essenciais: o sistema precisa aguentar entradas diferentes (abas, períodos, colunas).
Regras estatísticas funcionam bem para protótipo: outliers e picos podem ser identificados sem ML quando o objetivo é triagem e insight.
Visualização ajuda a detectar problemas: gráficos revelam inconsistências que números sozinhos não mostram.
Filtros bem definidos aumentam a confiança: recortes por data/dia/hora deixam a análise mais interpretável.
Equações precisam de controle de duplicidade e rastreabilidade: garantir consistência no que o usuário monta evita resultados errados.
Documentar decisões técnicas facilita defesa do projeto: “por que fiz assim” é tão importante quanto “o que fiz”.
Ferramentas de apoio (como Copilot) aceleram, mas não substituem validação: sempre conferir lógica e resultado no dado."
3;11;Aplicativo para solicitações de serviços - PCP#6374;"Entregáveis finais da prototipação:
- Fluxos detalhados do processo no Miro;
- Dashboard com indicadores do processo;
- Fluxo de automação no Power Automate;
- Telas iniciais do aplicativo no Power Apps.";"Entregáveis finais da prototipação:
- Fluxos detalhados do processo no Miro;
- Dashboard com indicadores do processo;
- Fluxo de automação no Power Automate;
- Telas iniciais do aplicativo no Power Apps.";"Até então, o comparativo dos resultados obtidos antes e depois dos testes com o Aplicativo, são os seguintes:

-> Período 01 - sem o APP: 
700 solicitações via Forms para o PCP;
29 Encarteiradas (~4%);
109 Executadas (~15%).

-> Período 02 – com o APP:
577 solicitações via PCPrio;
245 Encarteiradas (~42%);
97 Executadas (~16%).";"1) Definição de governança do fluxo para controle de entrada e saída das solicitações;"
3;12;KAFFA Route – Evolução Nativa para Roteirização e Controle Inteligente de Notas#6009;Prototipação visual e navegável evolutivo do KAFFA, contemplando atribuição inteligente de notas, visualização georreferenciada, roteirização offline com quilometragem, identificação de notas próximas já atendidas, controle visual de prazos regulatórios e painel de produtividade dos projetistas.;Prototipação visual e navegável evolutivo do KAFFA, contemplando atribuição inteligente de notas, visualização georreferenciada, roteirização offline com quilometragem, identificação de notas próximas já atendidas, controle visual de prazos regulatórios e painel de produtividade dos projetistas.;"O protótipo inicialmente proposto previa um aprimoramento direto do sistema KAFFA. No entanto, devido a políticas internas da empresa, bem como à complexidade dos procedimentos necessários para realizar alterações nesse sistema e ao tempo elevado para obtenção de resultados, essa abordagem tornou-se inviável dentro do prazo do projeto.
Diante desse cenário, foi desenvolvida uma solução alternativa por meio da criação de um aplicativo independente, mantendo o objetivo central da proposta inicial: possibilitar a roteirização eficiente das atividades e o acompanhamento da produtividade dos projetistas. Essa mudança de estratégia permitiu a obtenção de resultados práticos em um curto espaço de tempo.
Os resultados obtidos foram bastante positivos, especialmente considerando que, durante o período de utilização da ferramenta, houve o desligamento de um projetista, o que aumentou a necessidade de uma melhor redistribuição e priorização das atividades. O aplicativo se mostrou fundamental para garantir maior eficiência operacional, auxiliando na localização das notas, na otimização da roteirização e no cumprimento dos prazos estabelecidos.
Funcionamento do Aplicativo
Cada projetista possui um login e senha individuais. Após o acesso, é possível visualizar todas as suas notas diretamente em um mapa, representadas por marcadores (pontos/flags) que indicam a localização exata de cada atividade. As notas são classificadas por status, tais como:
Em revisão; Em comissionamento; Interligações; Interrompidas

Além disso, o sistema exibe o prazo de vencimento de cada nota e identifica automaticamente as atividades prioritárias. Com base nessas informações, o próprio aplicativo sugere uma proposta de roteirização otimizada. O projetista também pode utilizar um botão de direcionamento automático para a nota com o menor prazo de vencimento, garantindo foco imediato nas demandas mais urgentes.
Gestão, Automação e Atribuição de Notas
O aplicativo possui um perfil de acesso específico para gestão, utilizado por mim, no qual é possível atribuir notas aos projetistas. Essas atribuições podem ser realizadas manualmente, informando dados como: Número da nota; Projetista responsável; Local da atividade; Latitude; Longitude; Tipo de serviço (expansão de rede BT/MT, alteração de carga, relocação, entre outros); Data de criação da nota.

Visando reduzir o tempo gasto nesse processo e aumentar a eficiência operacional, foi implementada uma automação que permite a importação de um arquivo no formato .xlsx contendo todas essas informações. A partir dessa importação, as notas são atribuídas automaticamente aos projetistas e passam a ser exibidas no mapa, já com seus respectivos prazos, níveis de prioridade e proposta de roteirização.
Acompanhamento de Produtividade
Além da roteirização e gestão das atividades, o aplicativo permite o acompanhamento detalhado da produtividade de cada projetista. Por meio do sistema, é possível visualizar: Quantitativo de notas atendidas; Quantitativo de notas canceladas; Distribuição das atividades por projetista.";"O desenvolvimento do projeto apresentou desafios tanto internos quanto externos, que geraram aprendizados relevantes ao longo de todo o processo. O primeiro desafio esteve relacionado à tentativa inicial de melhoria diretamente no sistema KAFFA. Ficou evidente que, devido aos prazos estabelecidos para a obtenção de resultados, essa abordagem não era viável. A implementação de qualquer alteração no KAFFA exigiria a passagem por diversos processos internos, como autorizações, adequações técnicas e validações, o que demandaria um tempo incompatível com o cronograma do projeto.
Diante dessa limitação, surgiu o desafio de conceber uma solução alternativa que atendesse às necessidades do negócio: o desenvolvimento de um aplicativo próprio. Esse processo envolveu aprendizados técnicos importantes, como a elaboração da lógica do sistema, desenvolvimento do código, criação da interface do usuário, definição dos protocolos de comunicação e estruturação da base de dados.
Outro aprendizado significativo ocorreu na etapa de implementação do aplicativo em campo. Foi necessário garantir que a solução funcionasse de forma eficiente tanto em tempo real quanto em modo offline, assegurando a continuidade das operações independentemente das condições de conectividade. O acompanhamento do uso da ferramenta pelos projetistas permitiu ajustes contínuos e reforçou a importância de desenvolver soluções práticas, intuitivas e alinhadas à realidade operacional.
Essas experiências reforçaram a importância de flexibilidade na tomada de decisão, adaptação a restrições organizacionais e foco em soluções viáveis que entreguem resultados dentro do prazo e das condições disponíveis."
4;1;Plataforma Integrada de Gestão de Presenças#7154;"A prototipação será construída para demonstrar como a plataforma centraliza solicitações dos colaboradores, aprovações dos gestores e acompanhamento pelos gestores, oferecendo uma experiência intuitiva e moderna. O aplicativo exibirá fluxos claros para registro de férias, organização de dias de trabalho remoto, justificativas de ausência e controle do banco de horas, com telas que representam cada funcionalidade de forma prática e acessível.
A solução contará com um design responsivo e menus organizados, permitindo navegação simples e rápida. Os painéis gerenciais serão apresentados com gráficos e indicadores que consolidam informações essenciais, como férias programadas, ocupação semanal, ausências e saldos do banco de horas, garantindo transparência e suporte à tomada de decisão. Cada módulo será ilustrado com telas que mostram como o usuário interage com o sistema.
O protótipo será navegável, permitindo simulação dos principais fluxos e demonstrando como a plataforma substitui processos manuais e descentralizados por uma solução única e escalável. Ao final, o entregável consistirá em um aplicativo funcional com telas interativas e painéis simulados, representando de forma fiel a experiência planejada para otimizar a gestão de pessoas e fortalecer o modelo híbrido na organização. m";"A prototipação será construída para demonstrar como a plataforma centraliza solicitações dos colaboradores, aprovações dos gestores e acompanhamento pelos gestores, oferecendo uma experiência intuitiva e moderna. O aplicativo exibirá fluxos claros para registro de férias, organização de dias de trabalho remoto, justificativas de ausência e controle do banco de horas, com telas que representam cada funcionalidade de forma prática e acessível.
A solução contará com um design responsivo e menus organizados, permitindo navegação simples e rápida. Os painéis gerenciais serão apresentados com gráficos e indicadores que consolidam informações essenciais, como férias programadas, ocupação semanal, ausências e saldos do banco de horas, garantindo transparência e suporte à tomada de decisão. Cada módulo será ilustrado com telas que mostram como o usuário interage com o sistema.
O protótipo será navegável, permitindo simulação dos principais fluxos e demonstrando como a plataforma substitui processos manuais e descentralizados por uma solução única e escalável. Ao final, o entregável consistirá em um aplicativo funcional com telas interativas e painéis simulados, representando de forma fiel a experiência planejada para otimizar a gestão de pessoas e fortalecer o modelo híbrido na organização. m";Os testes foram bem sucedidos, havendo apenas divergências de opiniões com relações a certas estéticas dos aplicativos.;As lições aprendidas variaram desde a aprimoração das minhas habilidades com a criação de RPAS, FLOWS e Aplicativos (fluxos de e-mails automatizados), além do conhecimento aprofundado no Office365.
4;2;Operatta - Plataforma Integrada de Atividades e Tarefas#7330;"O Operatta será um aplicativo voltado para a gestão de competências e atividades dentro de equipes. Seu principal objetivo é oferecer uma visão integrada das tarefas realizadas e das pessoas envolvidas, promovendo transparência, colaboração e desenvolvimento contínuo.
 
A tela inicial permitirá a busca por atividades ou membros da equipe, exibindo uma lista de perfis com informações relevantes. Essa funcionalidade facilita o acesso rápido a dados operacionais e históricos de cada colaborador.
 
Cada membro terá um perfil personalizado contendo:
 
Gráfico de radar com suas principais competências;
Lista de atividades atuais e histórico de tarefas já realizadas;
Informações pessoais opcionais, como data de aniversário, preferências, características e uma mensagem de perfil — criando um espaço mais leve e humano dentro do ambiente profissional.
 
Essa estrutura permitirá identificar rapidamente quem possui experiência ou domínio em determinada atividade, facilitando a comunicação e a troca de conhecimento.
 
Cada atividade contará com uma descrição básica e arquivo complementares poderão ser anexados para detalhamento ou instruções específicas.
 
Os líderes terão acesso a um painel estratégico com visão geral dos perfis da equipe, incluindo pontos fortes e áreas de desenvolvimento; ferramentas para remanejamento de atividades, alinhadas aos objetivos de desenvolvimento da equipe; dentre outras funcionalidades.
 
O app permitirá que líderes e analistas realizem avaliações individuais, que alimentarão os gráficos de radar e a base de dados de competências. As notas atribuídas refletirão o desenvolvimento observado em cada atividade, promovendo uma gestão mais precisa e personalizada.";"O Operatta será um aplicativo voltado para a gestão de competências e atividades dentro de equipes. Seu principal objetivo é oferecer uma visão integrada das tarefas realizadas e das pessoas envolvidas, promovendo transparência, colaboração e desenvolvimento contínuo.
 
A tela inicial permitirá a busca por atividades ou membros da equipe, exibindo uma lista de perfis com informações relevantes. Essa funcionalidade facilita o acesso rápido a dados operacionais e históricos de cada colaborador.
 
Cada membro terá um perfil personalizado contendo:
 
Gráfico de radar com suas principais competências;
Lista de atividades atuais e histórico de tarefas já realizadas;
Informações pessoais opcionais, como data de aniversário, preferências, características e uma mensagem de perfil — criando um espaço mais leve e humano dentro do ambiente profissional.
 
Essa estrutura permitirá identificar rapidamente quem possui experiência ou domínio em determinada atividade, facilitando a comunicação e a troca de conhecimento.
 
Cada atividade contará com uma descrição básica e arquivo complementares poderão ser anexados para detalhamento ou instruções específicas.
 
Os líderes terão acesso a um painel estratégico com visão geral dos perfis da equipe, incluindo pontos fortes e áreas de desenvolvimento; ferramentas para remanejamento de atividades, alinhadas aos objetivos de desenvolvimento da equipe; dentre outras funcionalidades.
 
O app permitirá que líderes e analistas realizem avaliações individuais, que alimentarão os gráficos de radar e a base de dados de competências. As notas atribuídas refletirão o desenvolvimento observado em cada atividade, promovendo uma gestão mais precisa e personalizada.";"A criação da plataforma Operatta trará resultados significativos para a gestão da equipe, promovendo maior organização, transparência e eficiência nos processos internos. O sistema foi desenvolvido com foco na gestão de competências e atividades, oferecendo uma visão integrada do trabalho realizado e do desempenho dos colaboradores.
Com a Operatta, todas as atividades da equipe passarão a ser centralizadas em um único ambiente digital. Cada atividade contém descrição detalhada, anexos com passo a passo, responsáveis atuais e anteriores, além das pontuações de competências associadas. Esse formato reduzirá a dispersão de informações, facilitando o acesso ao histórico das atividades e garantir maior rastreabilidade dos processos executados pela equipe.
A disponibilização de anexos e orientações passo a passo para cada atividade contribui diretamente para a padronização da execução das tarefas. Isso resulta em maior uniformidade na entrega das atividades, redução de erros operacionais e diminuição do tempo necessário para capacitação de novos integrantes ou substituições temporárias na equipe.
A plataforma possibilita associar atividades às competências necessárias para sua execução, bem como atribuir pontuações relacionadas ao desempenho. Esse recurso permite uma análise mais precisa das habilidades desenvolvidas pelos colaboradores, apoiando a identificação de pontos fortes, lacunas de conhecimento e oportunidades de desenvolvimento profissional dentro da equipe.
De forma geral, a implementação da plataforma Operatta resulta em maior eficiência operacional, melhor gestão de pessoas e fortalecimento da cultura de desempenho e desenvolvimento de competências. A ferramenta se consolida como um apoio estratégico para o setor, contribuindo tanto para a melhoria dos processos internos quanto para o crescimento profissional da equipe.";"O desenvolvimento da plataforma Operatta foi uma experiência de grande aprendizado pessoal, que contribuiu significativamente para meu crescimento profissional e para a consolidação de competências importantes. Ao longo do projeto, pude compreender a importância da escuta ativa e do diálogo com outras pessoas envolvidas, aprendendo a valorizar diferentes perspectivas e a reconhecer que boas soluções surgem, muitas vezes, da colaboração e do trabalho em equipe. Esse contato direto com as necessidades reais dos usuários fortaleceu minha capacidade de empatia e análise crítica.
Outro aprendizado relevante foi o desenvolvimento do senso de responsabilidade e organização. A necessidade de estruturar informações, pensar na clareza dos dados e garantir que o sistema fosse útil e funcional reforçou a importância do planejamento, da atenção aos detalhes e da visão estratégica. Percebi que pequenas decisões podem ter grande impacto na usabilidade e na aceitação de uma ferramenta.
O projeto também contribuiu para o fortalecimento da minha autonomia e capacidade de adaptação. Diante de ajustes, mudanças de ideia e melhorias contínuas, aprendi a lidar melhor com feedbacks, a enxergar erros como oportunidades de aprendizado e a manter uma postura flexível frente aos desafios. Esse processo ampliou minha maturidade profissional e minha confiança para propor soluções.
Além disso, a experiência reforçou a importância de alinhar tecnologia e realidade prática. Aprendi que uma boa solução não é apenas aquela que funciona tecnicamente, mas aquela que realmente facilita o dia a dia das pessoas e se integra aos processos existentes. Esse entendimento ampliou minha visão sobre desenvolvimento de sistemas e sobre o papel da tecnologia como apoio à gestão e às pessoas.
De forma geral, esse projeto foi fundamental para o desenvolvimento de habilidades técnicas, organizacionais e comportamentais, contribuindo para minha formação profissional e para o entendimento do trabalho como um processo contínuo de aprendizado, evolução e colaboração."
4;3;InovaHub#7150;"O entregável final consiste na entrega de um aplicativo funcional e integrado, desenvolvido para centralizar informações sobre inovação, disponibilizar conteúdos atualizados do mercado financeiro e oferecer sugestões inteligentes baseadas em inteligência artificial. Esta solução proporciona um ambiente unificado para consulta, aprendizado e inspiração, reunindo notícias, tendências, projetos de referência e ideias de automação.

Adicionalmente, o aplicativo serve como um repositório dinâmico de iniciativas inovadoras, promovendo a padronização de boas práticas, incentivando a adoção de novas tecnologias e apoiando diretamente a transformação digital da área. O produto final visa fortalecer a cultura de inovação, ampliar as competências internas e melhorar a produtividade e a qualidade das entregas, assegurando um impacto estratégico, operacional e tecnológico que seja mensurável e contínuo.";"O entregável final consiste na entrega de um aplicativo funcional e integrado, desenvolvido para centralizar informações sobre inovação, disponibilizar conteúdos atualizados do mercado financeiro e oferecer sugestões inteligentes baseadas em inteligência artificial. Esta solução proporciona um ambiente unificado para consulta, aprendizado e inspiração, reunindo notícias, tendências, projetos de referência e ideias de automação.

Adicionalmente, o aplicativo serve como um repositório dinâmico de iniciativas inovadoras, promovendo a padronização de boas práticas, incentivando a adoção de novas tecnologias e apoiando diretamente a transformação digital da área. O produto final visa fortalecer a cultura de inovação, ampliar as competências internas e melhorar a produtividade e a qualidade das entregas, assegurando um impacto estratégico, operacional e tecnológico que seja mensurável e contínuo.";"O teste foi realizado com o objetivo de validar as informações que serão inseridas no aplicativo, garantindo que todos os dados cadastrados sejam corretamente armazenados e possam ser recuperados sem inconsistências. Para isso, avaliamos a funcionalidade de pesquisa e consulta das informações, simulando situações reais de uso no dia a dia.
Durante o processo, foram inseridos diversos tipos de informações no aplicativo e, em seguida, testada a busca por esses registros. O foco foi verificar se os dados eram exibidos de maneira precisa, se a ferramenta de pesquisa respondia adequadamente e se os resultados retornavam conforme os critérios definidos.
Os testes foram bem-sucedidos: todas as informações cadastradas foram localizadas corretamente, a pesquisa apresentou respostas rápidas e consistentes, e não foram identificados erros no fluxo de inserção e consulta. As evidências coletadas (prints de tela, registros de busca e comportamento da interface) confirmam que a funcionalidade está estável e atende aos requisitos esperados para o uso diário.";Aprendi a importância de validar cada informação inserida no aplicativo e garantir que a ferramenta de pesquisa funcione corretamente no uso diário. O processo mostrou como testes simples e contínuos ajudam a identificar ajustes necessários e assegurar que o usuário final tenha uma experiência fluida e confiável. Também percebi o valor de documentar cada etapa, facilitando melhorias e padronizando futuras evoluções da solução.
4;4;MONITORAMENTO/ACOMPANHAMENTO DE RECURSOS DO COI BACKUP#6646;"O objetivo final desta iniciativa é entregar uma solução robusta de monitoramento inteligente de geradores, capaz de oferecer visibilidade em tempo real, antecipação de falhas e maior segurança operacional. A proposta busca consolidar informações críticas em uma plataforma integrada, permitindo que decisões sejam tomadas com base em dados confiáveis, atualizados e alinhados às necessidades do negócio. Ao centralizar indicadores como nível de combustível, status de ativação e tensão elétrica, a solução fortalecerá a capacidade de resposta das equipes e elevará o padrão de gestão dos ativos.
Para demonstrar esse potencial e garantir que a arquitetura ideal seja implementada com segurança, será desenvolvido um protótipo funcional que valida toda a lógica do sistema. Esse protótipo não representa a operação real, mas sim uma simulação cuidadosamente estruturada para testar o comportamento da solução antes de sua aplicação em campo. A partir do Zabbix, serão criados itens que simulam os dados que futuramente serão coletados via SNMP, permitindo verificar o fluxo completo do monitoramento — desde a recepção dos dados até o acionamento dos alertas. A integração com o Grafana trará uma prévia dos dashboards que serão utilizados na versão final, oferecendo uma visão clara e atrativa de como as informações serão consumidas pelas equipes.
Durante essa etapa de validação, serão configurados gatilhos inteligentes que representarão situações críticas, como combustível em nível baixo, falha de ativação do gerador ou perda de comunicação. Esses cenários serão simulados deliberadamente para confirmar a eficiência dos alertas, a precisão das notificações por e‑mail e a consistência das visualizações no Grafana. Com isso, garante‑se que o produto final será mais confiável, seguro e aderente às necessidades de quem depende dessas informações.";"O objetivo final desta iniciativa é entregar uma solução robusta de monitoramento inteligente de geradores, capaz de oferecer visibilidade em tempo real, antecipação de falhas e maior segurança operacional. A proposta busca consolidar informações críticas em uma plataforma integrada, permitindo que decisões sejam tomadas com base em dados confiáveis, atualizados e alinhados às necessidades do negócio. Ao centralizar indicadores como nível de combustível, status de ativação e tensão elétrica, a solução fortalecerá a capacidade de resposta das equipes e elevará o padrão de gestão dos ativos.
Para demonstrar esse potencial e garantir que a arquitetura ideal seja implementada com segurança, será desenvolvido um protótipo funcional que valida toda a lógica do sistema. Esse protótipo não representa a operação real, mas sim uma simulação cuidadosamente estruturada para testar o comportamento da solução antes de sua aplicação em campo. A partir do Zabbix, serão criados itens que simulam os dados que futuramente serão coletados via SNMP, permitindo verificar o fluxo completo do monitoramento — desde a recepção dos dados até o acionamento dos alertas. A integração com o Grafana trará uma prévia dos dashboards que serão utilizados na versão final, oferecendo uma visão clara e atrativa de como as informações serão consumidas pelas equipes.
Durante essa etapa de validação, serão configurados gatilhos inteligentes que representarão situações críticas, como combustível em nível baixo, falha de ativação do gerador ou perda de comunicação. Esses cenários serão simulados deliberadamente para confirmar a eficiência dos alertas, a precisão das notificações por e‑mail e a consistência das visualizações no Grafana. Com isso, garante‑se que o produto final será mais confiável, seguro e aderente às necessidades de quem depende dessas informações.";"A arquitetura de observabilidade do protótipo INOVAMOS foi desenvolvida para monitorar em tempo real os geradores dos COIs, aumentando a confiabilidade operacional durante contingências. O sistema utiliza Zabbix, Grafana e Prometheus de forma integrada para coletar, analisar e visualizar continuamente as principais métricas dos geradores. O Zabbix funciona como núcleo do monitoramento, reunindo todas as informações e emitindo alertas automáticos para condições críticas, como:
- Funcionamento do gerador.
- Consumo excessivo.
- Baixo nível de combustível.
- Temperatura elevada.
Enviando notificações por e-mail às equipes responsáveis. O Grafana organiza essas informações em um dashboard intuitivo, exibindo indicadores como consumo em litros por hora, temperatura, tensão da bateria, nível de combustível e latência, apresentando tanto valores atuais quanto históricos, o que facilita análises de tendência e identificação de comportamentos anormais. Com essa estrutura, o sistema reduz o tempo de detecção e resolução de falhas, melhora o acompanhamento da saúde dos geradores e fornece uma base confiável para futuras evoluções. A combinação de dados centralizados, visualizações claras e alertas automáticos fortalece a continuidade operacional dos COIs e permite decisões mais rápidas e baseadas em dados.";"Importância da padronização das métricas e do monitoramento: A criação de triggers claras no Zabbix e de dashboards estruturados no Grafana demonstrou que padrões bem definidos facilitam o entendimento, reduzem erros e agilizam o diagnóstico.

Observabilidade aumenta previsibilidade e reduz operações emergenciais: Com dados confiáveis sobre combustível, temperatura e consumo, tornou‑se possível planejar antes da falha, evitando manutenção reativa e situações críticas.

 Documentação clara é essencial para manter a continuidade: O próprio documento evidencia que registrar arquitetura, métricas e fluxos garante que outras equipes entendam o sistema e possam operá‑lo ou expandi‑lo no futuro."
4;5;Novo teste desafio#6268;;;;
4;6;Otimizador Inteligente de Rota e Alocação de Equipes de Campo#5527;"O projeto em questão foi completamente desenvolvido e está atualmente em fase de implementação. Trata-se de uma aplicação web projetada para otimizar a roteirização das equipes de campo comerciais. 

A interface do aplicativo permite que o usuário anexe arquivos em formato Excel ou CSV contendo informações essenciais, como ordens de serviço, prioridades, pontos geográficos (latitude e longitude) e tipos de serviço. Após o upload do arquivo, o usuário pode aplicar filtros para selecionar a região desejada para a roteirização da equipe, definir o número de ordens a serem atendidas e especificar prioridades e tipos de serviço.

Ao final do processo, o sistema gera um arquivo exportável que apresenta as equipes alocadas e as rotas otimizadas para a localidade selecionada.";"O projeto em questão foi completamente desenvolvido e está atualmente em fase de implementação. Trata-se de uma aplicação web projetada para otimizar a roteirização das equipes de campo comerciais. 

A interface do aplicativo permite que o usuário anexe arquivos em formato Excel ou CSV contendo informações essenciais, como ordens de serviço, prioridades, pontos geográficos (latitude e longitude) e tipos de serviço. Após o upload do arquivo, o usuário pode aplicar filtros para selecionar a região desejada para a roteirização da equipe, definir o número de ordens a serem atendidas e especificar prioridades e tipos de serviço.

Ao final do processo, o sistema gera um arquivo exportável que apresenta as equipes alocadas e as rotas otimizadas para a localidade selecionada.";"As rotas foram geradas corretamente para a maior parte dos cenários testados, com boa distribuição espacial.
O sistema conseguiu organizar a ordem das visitas de forma lógica, reduzindo deslocamentos desnecessários.
Houve redução percebida no tempo total estimado para execução das atividades, garantido o aumento do número de atividades executadas";"Diferentes perfis das regiões exigem regras específicas (nível de prioridade, urgência).
Diferentes tipos de serviços exigem diferentes prioridades (notas com vencimento, ticket médio das notas de corte/cobrança)
É importante permitir ajustes manuais nas rotas pelo programador antes do envio ao campo."
4;7;NEO CHECK APLICATIVO#6671;"Os Consultores de Rota, colaboradores próprios da Neoenergia, utilizarão dispositivos corporativos (Android e iOS) para realizar visitas estratégicas às lojas próprias, credenciados e quiosques. Por meio do aplicativo desenvolvido, será possível monitorar e auditar padrões de atendimento, infraestrutura e conformidade, abrangendo itens como fachada, limpeza e experiência do cliente.
As visitas ocorrerão diariamente em mais de 1.000 municípios, cobrindo as cinco distribuidoras do grupo: NCLB, NCSR, NPER, NEKT e NBSB. Atualmente, contamos com 30 consultores dedicados, com deslocamento realizado por veículo corporativo.
As vistorias terão caráter de auditoria, assegurando a conformidade com os padrões estabelecidos. Inconformidades identificadas poderão resultar em notificações ou penalidades. Além disso, indicadores estratégicos como tempo de deslocamento, permanência em cada ponto de atendimento e volumetria de inconformidades serão mensurados para garantir eficiência operacional e melhoria contínua.";"Os Consultores de Rota, colaboradores próprios da Neoenergia, utilizarão dispositivos corporativos (Android e iOS) para realizar visitas estratégicas às lojas próprias, credenciados e quiosques. Por meio do aplicativo desenvolvido, será possível monitorar e auditar padrões de atendimento, infraestrutura e conformidade, abrangendo itens como fachada, limpeza e experiência do cliente.
As visitas ocorrerão diariamente em mais de 1.000 municípios, cobrindo as cinco distribuidoras do grupo: NCLB, NCSR, NPER, NEKT e NBSB. Atualmente, contamos com 30 consultores dedicados, com deslocamento realizado por veículo corporativo.
As vistorias terão caráter de auditoria, assegurando a conformidade com os padrões estabelecidos. Inconformidades identificadas poderão resultar em notificações ou penalidades. Além disso, indicadores estratégicos como tempo de deslocamento, permanência em cada ponto de atendimento e volumetria de inconformidades serão mensurados para garantir eficiência operacional e melhoria contínua.";"-Maior precisão nas atualizações de conformidades.
-Consultores registrando vistorias no app pelo celular.
-Dados enviados ao BI com relatórios automáticos.
-Acompanhamento otimizado pela integração app + BI.";"Durante o desenvolvimento do protótipo até sua implementação, enfrentei diversos desafios que contribuíram para o meu aprendizado:


Construção dos códigos no aplicativo: Esta foi uma das etapas mais complexas. Sem o apoio e a colaboração dos meus colegas, não teria sido possível avançar. Cada contribuição foi essencial para superar as dificuldades técnicas.


Acompanhamento dos testes iniciais com os Consultores: O processo de uso da ferramenta exigiu treinamento específico, conduzido pelo meu tutor no projeto. Participei ativamente desse momento, acompanhando cada colaborador e auxiliando na resolução de dúvidas, garantindo que todos se sentissem seguros para utilizar o app.


Alinhamentos com a supervisão: O desenvolvimento do app envolveu inúmeras reuniões com a supervisão para definir as melhores funcionalidades e assegurar que o novo processo não prejudicasse o fluxo já existente. Percebi, na prática, que sem reuniões de alinhamento nada funciona da melhor forma possível.


Ao final, compreendi que unidade, comunicação e colaboração são fundamentais para o sucesso de qualquer projeto. O apoio da minha gestão foi indispensável durante todo o processo, reforçando que, com trabalho em equipe, tudo se torna possível."
